badge_id,name,badge_type,badge_rank,link,count
26,Popular Question,named,bronze,http://stackoverflow.com/badges/26/popular-question ,448329
27,Notable Question,named,silver,http://stackoverflow.com/badges/27/notable-question ,226270
3,Editor,named,bronze,http://stackoverflow.com/badges/3/editor ,74646
2,Student,named,bronze,http://stackoverflow.com/badges/2/student ,74161
10,Scholar,named,bronze,http://stackoverflow.com/badges/10/scholar ,72575
13,Yearling,named,silver,http://stackoverflow.com/badges/13/yearling ,70438
20,Nice Question,named,bronze,http://stackoverflow.com/badges/20/nice-question ,67920
28,Famous Question,named,gold,http://stackoverflow.com/badges/28/famous-question ,62577
6,Supporter,named,bronze,http://stackoverflow.com/badges/6/supporter ,57424
31,Commentator,named,bronze,http://stackoverflow.com/badges/31/commentator ,56663
63,Tumbleweed,named,bronze,http://stackoverflow.com/badges/63/tumbleweed ,52020
2278,Custodian,named,bronze,http://stackoverflow.com/badges/2278/custodian ,51038
23,Nice Answer,named,bronze,http://stackoverflow.com/badges/23/nice-answer ,47557
1,Teacher,named,bronze,http://stackoverflow.com/badges/1/teacher ,39797
2600,Informed,named,bronze,http://stackoverflow.com/badges/2600/informed ,34485
4127,Curious,named,bronze,http://stackoverflow.com/badges/4127/curious ,33278
1973,Caucus,named,bronze,http://stackoverflow.com/badges/1973/caucus ,26818
7,Critic,named,bronze,http://stackoverflow.com/badges/7/critic ,24891
17,Necromancer,named,silver,http://stackoverflow.com/badges/17/necromancer ,23665
9,Autobiographer,named,bronze,http://stackoverflow.com/badges/9/autobiographer ,23425
21,Good Question,named,silver,http://stackoverflow.com/badges/21/good-question ,20017
837,Revival,named,bronze,http://stackoverflow.com/badges/837/revival ,14803
24,Good Answer,named,silver,http://stackoverflow.com/badges/24/good-answer ,14118
71,Enthusiast,named,silver,http://stackoverflow.com/badges/71/enthusiast ,13154
8,Citizen Patrol,named,bronze,http://stackoverflow.com/badges/8/citizen-patrol ,13097
38,Peer Pressure,named,bronze,http://stackoverflow.com/badges/38/peer-pressure ,12994
19,Enlightened,named,silver,http://stackoverflow.com/badges/19/enlightened ,12549
14,Self-Learner,named,bronze,http://stackoverflow.com/badges/14/self-learner ,10167
220,Promoter,named,bronze,http://stackoverflow.com/badges/220/promoter ,9941
5870,Educated,named,bronze,http://stackoverflow.com/badges/5870/educated ,9817
4128,Inquisitive,named,silver,http://stackoverflow.com/badges/4128/inquisitive ,8803
1287,Excavator,named,bronze,http://stackoverflow.com/badges/1287/excavator ,8092
32,Civic Duty,named,silver,http://stackoverflow.com/badges/32/civic-duty ,7924
5,Organizer,named,bronze,http://stackoverflow.com/badges/5/organizer ,7889
1974,Constituent,named,silver,http://stackoverflow.com/badges/1974/constituent ,7767
260,Announcer,named,bronze,http://stackoverflow.com/badges/260/announcer ,6579
221,Benefactor,named,bronze,http://stackoverflow.com/badges/221/benefactor ,6486
33,Favorite Question,named,silver,http://stackoverflow.com/badges/33/favorite-question ,4604
4368,Explainer,named,bronze,http://stackoverflow.com/badges/4368/explainer ,4536
18,Guru,named,silver,http://stackoverflow.com/badges/18/guru ,3714
804,Suffrage,named,bronze,http://stackoverflow.com/badges/804/suffrage ,3690
4,Cleanup,named,bronze,http://stackoverflow.com/badges/4/cleanup ,3616
225,Tenacious,named,silver,http://stackoverflow.com/badges/225/tenacious ,3596
900,Quorum,named,bronze,http://stackoverflow.com/badges/900/quorum ,2813
1478,Reviewer,named,silver,http://stackoverflow.com/badges/1478/reviewer ,2810
22,Great Question,named,gold,http://stackoverflow.com/badges/22/great-question ,2805
1108,Vox Populi,named,bronze,http://stackoverflow.com/badges/1108/vox-populi ,2605
5849,Backer,named,bronze,http://stackoverflow.com/badges/5849/backer ,2559
4129,Socratic,named,gold,http://stackoverflow.com/badges/4129/socratic ,2477
83,Fanatic,named,gold,http://stackoverflow.com/badges/83/fanatic ,2239
144,Mortarboard,named,bronze,http://stackoverflow.com/badges/144/mortarboard ,2221
25,Great Answer,named,gold,http://stackoverflow.com/badges/25/great-answer ,2145
254,Tag Editor,named,bronze,http://stackoverflow.com/badges/254/tag-editor ,1997
219,Investor,named,bronze,http://stackoverflow.com/badges/219/investor ,1947
155,Electorate,named,gold,http://stackoverflow.com/badges/155/electorate ,1757
1306,Analytical,named,bronze,http://stackoverflow.com/badges/1306/analytical ,1725
5854,Peer Review,named,bronze,http://stackoverflow.com/badges/5854/peer-review ,1696
226,Unsung Hero,named,gold,http://stackoverflow.com/badges/226/unsung-hero ,1618
5852,Incrementalist,named,bronze,http://stackoverflow.com/badges/5852/incrementalist ,1589
1276,Proofreader,named,bronze,http://stackoverflow.com/badges/1276/proofreader ,1545
12,Strunk &amp; White,named,silver,http://stackoverflow.com/badges/12/strunk-white ,1446
11,Taxonomist,named,silver,http://stackoverflow.com/badges/11/taxonomist ,1153
2279,Steward,named,gold,http://stackoverflow.com/badges/2279/steward ,1120
37,Disciplined,named,bronze,http://stackoverflow.com/badges/37/disciplined ,1070
222,Altruist,named,bronze,http://stackoverflow.com/badges/222/altruist ,1048
884,Talkative,named,bronze,http://stackoverflow.com/badges/884/talkative ,994
1002,Deputy,named,silver,http://stackoverflow.com/badges/1002/deputy ,850
94,Pundit,named,silver,http://stackoverflow.com/badges/94/pundit ,834
62,Populist,named,gold,http://stackoverflow.com/badges/62/populist ,683
36,Stellar Question,named,gold,http://stackoverflow.com/badges/36/stellar-question ,557
5855,Primer,named,bronze,http://stackoverflow.com/badges/5855/primer ,522
273,c#,tag_based,bronze,http://stackoverflow.com/badges/273/c ,486
298,javascript,tag_based,bronze,http://stackoverflow.com/badges/298/javascript ,416
276,java,tag_based,bronze,http://stackoverflow.com/badges/276/java ,408
6158,Documentation Pioneer,named,silver,http://stackoverflow.com/badges/6158/documentation-pioneer ,392
291,android,tag_based,bronze,http://stackoverflow.com/badges/291/android ,367
286,c++,tag_based,bronze,http://stackoverflow.com/badges/286/c ,337
5850,Bluebook,named,bronze,http://stackoverflow.com/badges/5850/bluebook ,306
5856,Renovator,named,bronze,http://stackoverflow.com/badges/5856/renovator ,302
805,Sportsmanship,named,silver,http://stackoverflow.com/badges/805/sportsmanship ,283
261,Booster,named,silver,http://stackoverflow.com/badges/261/booster ,280
223,Copy Editor,named,gold,http://stackoverflow.com/badges/223/copy-editor ,269
267,python,tag_based,bronze,http://stackoverflow.com/badges/267/python ,267
268,php,tag_based,bronze,http://stackoverflow.com/badges/268/php ,258
922,ios,tag_based,bronze,http://stackoverflow.com/badges/922/ios ,251
901,Convention,named,silver,http://stackoverflow.com/badges/901/convention ,242
1286,Archaeologist,named,silver,http://stackoverflow.com/badges/1286/archaeologist ,232
307,jquery,tag_based,bronze,http://stackoverflow.com/badges/307/jquery ,225
4369,Refiner,named,silver,http://stackoverflow.com/badges/4369/refiner ,183
1298,Marshal,named,gold,http://stackoverflow.com/badges/1298/marshal ,179
296,html,tag_based,bronze,http://stackoverflow.com/badges/296/html ,172
265,c,tag_based,bronze,http://stackoverflow.com/badges/265/c ,165
333,css,tag_based,bronze,http://stackoverflow.com/badges/333/css ,144
283,.net,tag_based,bronze,http://stackoverflow.com/badges/283/net ,142
5853,Knowledgeable,named,silver,http://stackoverflow.com/badges/5853/knowledgeable ,141
48,c++,tag_based,silver,http://stackoverflow.com/badges/48/c ,120
270,objective-c,tag_based,bronze,http://stackoverflow.com/badges/270/objective-c ,113
401,ruby-on-rails,tag_based,bronze,http://stackoverflow.com/badges/401/ruby-on-rails ,104
39,c#,tag_based,silver,http://stackoverflow.com/badges/39/c ,103
287,sql,tag_based,bronze,http://stackoverflow.com/badges/287/sql ,102
42,java,tag_based,silver,http://stackoverflow.com/badges/42/java ,101
300,arrays,tag_based,bronze,http://stackoverflow.com/badges/300/arrays ,100
1224,Synonymizer,named,bronze,http://stackoverflow.com/badges/1224/synonymizer ,98
59,javascript,tag_based,silver,http://stackoverflow.com/badges/59/javascript ,94
290,asp.net,tag_based,bronze,http://stackoverflow.com/badges/290/asp-net ,94
356,ruby,tag_based,bronze,http://stackoverflow.com/badges/356/ruby ,86
277,iphone,tag_based,bronze,http://stackoverflow.com/badges/277/iphone ,83
998,Outspoken,named,silver,http://stackoverflow.com/badges/998/outspoken ,81
50,python,tag_based,silver,http://stackoverflow.com/badges/50/python ,74
314,mysql,tag_based,bronze,http://stackoverflow.com/badges/314/mysql ,74
4076,swift,tag_based,bronze,http://stackoverflow.com/badges/4076/swift ,74
342,string,tag_based,bronze,http://stackoverflow.com/badges/342/string ,71
262,Publicist,named,gold,http://stackoverflow.com/badges/262/publicist ,68
269,regex,tag_based,bronze,http://stackoverflow.com/badges/269/regex ,68
414,r,tag_based,bronze,http://stackoverflow.com/badges/414/r ,67
151,android,tag_based,silver,http://stackoverflow.com/badges/151/android ,63
145,Epic,named,silver,http://stackoverflow.com/badges/145/epic ,61
326,sql-server,tag_based,bronze,http://stackoverflow.com/badges/326/sql-server ,59
1397,c++11,tag_based,bronze,http://stackoverflow.com/badges/1397/c11 ,55
5851,Creditor,named,bronze,http://stackoverflow.com/badges/5851/creditor ,54
61,jquery,tag_based,silver,http://stackoverflow.com/badges/61/jquery ,53
404,xcode,tag_based,bronze,http://stackoverflow.com/badges/404/xcode ,53
30,Beta,named,silver,http://stackoverflow.com/badges/30/beta ,52
310,asp.net-mvc,tag_based,bronze,http://stackoverflow.com/badges/310/asp-net-mvc ,52
352,linux,tag_based,bronze,http://stackoverflow.com/badges/352/linux ,52
15,Generalist,named,silver,http://stackoverflow.com/badges/15/generalist ,50
288,wpf,tag_based,bronze,http://stackoverflow.com/badges/288/wpf ,50
1317,ios,tag_based,silver,http://stackoverflow.com/badges/1317/ios ,49
353,algorithm,tag_based,bronze,http://stackoverflow.com/badges/353/algorithm ,48
44,java,tag_based,gold,http://stackoverflow.com/badges/44/java ,47
899,node.js,tag_based,bronze,http://stackoverflow.com/badges/899/node-js ,46
362,django,tag_based,bronze,http://stackoverflow.com/badges/362/django ,42
2126,angularjs,tag_based,bronze,http://stackoverflow.com/badges/2126/angularjs ,41
355,scala,tag_based,bronze,http://stackoverflow.com/badges/355/scala ,38
40,c#,tag_based,gold,http://stackoverflow.com/badges/40/c ,37
360,bash,tag_based,bronze,http://stackoverflow.com/badges/360/bash ,37
1656,Research Assistant,named,silver,http://stackoverflow.com/badges/1656/research-assistant ,37
51,python,tag_based,gold,http://stackoverflow.com/badges/51/python ,36
52,c,tag_based,silver,http://stackoverflow.com/badges/52/c ,36
54,php,tag_based,silver,http://stackoverflow.com/badges/54/php ,36
359,pointers,tag_based,bronze,http://stackoverflow.com/badges/359/pointers ,36
49,c++,tag_based,gold,http://stackoverflow.com/badges/49/c ,34
285,performance,tag_based,bronze,http://stackoverflow.com/badges/285/performance ,33
347,templates,tag_based,bronze,http://stackoverflow.com/badges/347/templates ,33
84,html,tag_based,silver,http://stackoverflow.com/badges/84/html ,31
78,javascript,tag_based,gold,http://stackoverflow.com/badges/78/javascript ,31
366,multithreading,tag_based,bronze,http://stackoverflow.com/badges/366/multithreading ,30
6157,Documentation Beta,named,silver,http://stackoverflow.com/badges/6157/documentation-beta ,30
67,iphone,tag_based,silver,http://stackoverflow.com/badges/67/iphone ,29
41,.net,tag_based,silver,http://stackoverflow.com/badges/41/net ,28
358,linq,tag_based,bronze,http://stackoverflow.com/badges/358/linq ,28
421,qt,tag_based,bronze,http://stackoverflow.com/badges/421/qt ,27
545,numpy,tag_based,bronze,http://stackoverflow.com/badges/545/numpy ,27
106,ruby,tag_based,silver,http://stackoverflow.com/badges/106/ruby ,26
95,Reversal,named,gold,http://stackoverflow.com/badges/95/reversal ,25
295,perl,tag_based,bronze,http://stackoverflow.com/badges/295/perl ,25
329,git,tag_based,bronze,http://stackoverflow.com/badges/329/git ,24
1914,pandas,tag_based,bronze,http://stackoverflow.com/badges/1914/pandas ,24
100,objective-c,tag_based,silver,http://stackoverflow.com/badges/100/objective-c ,23
135,r,tag_based,silver,http://stackoverflow.com/badges/135/r ,23
374,list,tag_based,bronze,http://stackoverflow.com/badges/374/list ,23
306,haskell,tag_based,bronze,http://stackoverflow.com/badges/306/haskell ,22
453,json,tag_based,bronze,http://stackoverflow.com/badges/453/json ,22
312,delphi,tag_based,bronze,http://stackoverflow.com/badges/312/delphi ,22
97,regex,tag_based,silver,http://stackoverflow.com/badges/97/regex ,21
323,windows,tag_based,bronze,http://stackoverflow.com/badges/323/windows ,21
410,unix,tag_based,bronze,http://stackoverflow.com/badges/410/unix ,21
540,spring,tag_based,bronze,http://stackoverflow.com/badges/540/spring ,21
116,css,tag_based,silver,http://stackoverflow.com/badges/116/css ,20
376,cocoa-touch,tag_based,bronze,http://stackoverflow.com/badges/376/cocoa-touch ,20
382,vector,tag_based,bronze,http://stackoverflow.com/badges/382/vector ,20
940,ruby-on-rails-3,tag_based,bronze,http://stackoverflow.com/badges/940/ruby-on-rails-3 ,20
2125,python-2.7,tag_based,bronze,http://stackoverflow.com/badges/2125/python-2-7 ,19
324,vb.net,tag_based,bronze,http://stackoverflow.com/badges/324/vb-net ,19
479,vba,tag_based,bronze,http://stackoverflow.com/badges/479/vba ,19
532,encryption,tag_based,bronze,http://stackoverflow.com/badges/532/encryption ,19
90,ruby-on-rails,tag_based,silver,http://stackoverflow.com/badges/90/ruby-on-rails ,18
297,stl,tag_based,bronze,http://stackoverflow.com/badges/297/stl ,18
343,tsql,tag_based,bronze,http://stackoverflow.com/badges/343/tsql ,18
1200,openssl,tag_based,bronze,http://stackoverflow.com/badges/1200/openssl ,18
146,Legendary,named,gold,http://stackoverflow.com/badges/146/legendary ,17
178,android,tag_based,gold,http://stackoverflow.com/badges/178/android ,17
2326,ssl-certificate,tag_based,bronze,http://stackoverflow.com/badges/2326/ssl-certificate ,17
336,shell,tag_based,bronze,http://stackoverflow.com/badges/336/shell ,17
2477,certificate,tag_based,bronze,http://stackoverflow.com/badges/2477/certificate ,17
4605,openssl,tag_based,silver,http://stackoverflow.com/badges/4605/openssl ,17
571,ssl,tag_based,bronze,http://stackoverflow.com/badges/571/ssl ,17
5252,crypto++,tag_based,bronze,http://stackoverflow.com/badges/5252/crypto ,17
4983,x509certificate,tag_based,bronze,http://stackoverflow.com/badges/4983/x509certificate ,17
1398,c++11,tag_based,silver,http://stackoverflow.com/badges/1398/c11 ,17
5899,openssl,tag_based,gold,http://stackoverflow.com/badges/5899/openssl ,17
1877,ssl,tag_based,silver,http://stackoverflow.com/badges/1877/ssl ,17
55,sql,tag_based,silver,http://stackoverflow.com/badges/55/sql ,16
4237,swift,tag_based,silver,http://stackoverflow.com/badges/4237/swift ,16
308,database,tag_based,bronze,http://stackoverflow.com/badges/308/database ,16
328,xml,tag_based,bronze,http://stackoverflow.com/badges/328/xml ,16
474,generics,tag_based,bronze,http://stackoverflow.com/badges/474/generics ,16
79,jquery,tag_based,gold,http://stackoverflow.com/badges/79/jquery ,15
271,excel,tag_based,bronze,http://stackoverflow.com/badges/271/excel ,15
334,gcc,tag_based,bronze,http://stackoverflow.com/badges/334/gcc ,15
420,eclipse,tag_based,bronze,http://stackoverflow.com/badges/420/eclipse ,15
476,python-3.x,tag_based,bronze,http://stackoverflow.com/badges/476/python-3-x ,15
638,function,tag_based,bronze,http://stackoverflow.com/badges/638/function ,15
785,html5,tag_based,bronze,http://stackoverflow.com/badges/785/html5 ,15
5915,dataframe,tag_based,bronze,http://stackoverflow.com/badges/5915/dataframe ,15
364,winforms,tag_based,bronze,http://stackoverflow.com/badges/364/winforms ,14
88,sql-server,tag_based,silver,http://stackoverflow.com/badges/88/sql-server ,13
117,arrays,tag_based,silver,http://stackoverflow.com/badges/117/arrays ,13
127,haskell,tag_based,silver,http://stackoverflow.com/badges/127/haskell ,13
280,ajax,tag_based,bronze,http://stackoverflow.com/badges/280/ajax ,13
299,entity-framework,tag_based,bronze,http://stackoverflow.com/badges/299/entity-framework ,13
390,matlab,tag_based,bronze,http://stackoverflow.com/badges/390/matlab ,13
501,hash,tag_based,bronze,http://stackoverflow.com/badges/501/hash ,13
5512,angular2,tag_based,bronze,http://stackoverflow.com/badges/5512/angular2 ,13
56,mysql,tag_based,silver,http://stackoverflow.com/badges/56/mysql ,12
96,c,tag_based,gold,http://stackoverflow.com/badges/96/c ,12
311,unicode,tag_based,bronze,http://stackoverflow.com/badges/311/unicode ,12
315,oracle,tag_based,bronze,http://stackoverflow.com/badges/315/oracle ,12
387,functional-programming,tag_based,bronze,http://stackoverflow.com/badges/387/functional-programming ,12
406,awk,tag_based,bronze,http://stackoverflow.com/badges/406/awk ,12
963,excel-vba,tag_based,bronze,http://stackoverflow.com/badges/963/excel-vba ,12
1835,ios,tag_based,gold,http://stackoverflow.com/badges/1835/ios ,12
93,php,tag_based,gold,http://stackoverflow.com/badges/93/php ,11
184,bash,tag_based,silver,http://stackoverflow.com/badges/184/bash ,11
279,math,tag_based,bronze,http://stackoverflow.com/badges/279/math ,11
282,inheritance,tag_based,bronze,http://stackoverflow.com/badges/282/inheritance ,11
402,wcf,tag_based,bronze,http://stackoverflow.com/badges/402/wcf ,11
450,postgresql,tag_based,bronze,http://stackoverflow.com/badges/450/postgresql ,11
459,visual-studio,tag_based,bronze,http://stackoverflow.com/badges/459/visual-studio ,11
551,osx,tag_based,bronze,http://stackoverflow.com/badges/551/osx ,11
627,codeigniter,tag_based,bronze,http://stackoverflow.com/badges/627/codeigniter ,11
642,sed,tag_based,bronze,http://stackoverflow.com/badges/642/sed ,11
480,dictionary,tag_based,bronze,http://stackoverflow.com/badges/480/dictionary ,11
5663,asp.net-core,tag_based,bronze,http://stackoverflow.com/badges/5663/asp-net-core ,11
53,perl,tag_based,silver,http://stackoverflow.com/badges/53/perl ,10
111,scala,tag_based,silver,http://stackoverflow.com/badges/111/scala ,10
361,cocoa,tag_based,bronze,http://stackoverflow.com/badges/361/cocoa ,10
2426,pandas,tag_based,silver,http://stackoverflow.com/badges/2426/pandas ,10
417,class,tag_based,bronze,http://stackoverflow.com/badges/417/class ,10
447,optimization,tag_based,bronze,http://stackoverflow.com/badges/447/optimization ,10
458,swing,tag_based,bronze,http://stackoverflow.com/badges/458/swing ,10
486,sql-server-2008,tag_based,bronze,http://stackoverflow.com/badges/486/sql-server-2008 ,10
504,oop,tag_based,bronze,http://stackoverflow.com/badges/504/oop ,10
2598,angularjs,tag_based,silver,http://stackoverflow.com/badges/2598/angularjs ,10
634,azure,tag_based,bronze,http://stackoverflow.com/badges/634/azure ,10
706,date,tag_based,bronze,http://stackoverflow.com/badges/706/date ,10
931,uitableview,tag_based,bronze,http://stackoverflow.com/badges/931/uitableview ,10
64,asp.net,tag_based,silver,http://stackoverflow.com/badges/64/asp-net ,9
227,ruby,tag_based,gold,http://stackoverflow.com/badges/227/ruby ,9
339,clojure,tag_based,bronze,http://stackoverflow.com/badges/339/clojure ,9
412,silverlight,tag_based,bronze,http://stackoverflow.com/badges/412/silverlight ,9
424,assembly,tag_based,bronze,http://stackoverflow.com/badges/424/assembly ,9
481,ms-access,tag_based,bronze,http://stackoverflow.com/badges/481/ms-access ,9
490,ipad,tag_based,bronze,http://stackoverflow.com/badges/490/ipad ,9
610,maven,tag_based,bronze,http://stackoverflow.com/badges/610/maven ,9
702,magento,tag_based,bronze,http://stackoverflow.com/badges/702/magento ,9
2793,laravel,tag_based,bronze,http://stackoverflow.com/badges/2793/laravel ,9
1020,css3,tag_based,bronze,http://stackoverflow.com/badges/1020/css3 ,9
3289,rust,tag_based,bronze,http://stackoverflow.com/badges/3289/rust ,9
76,wpf,tag_based,silver,http://stackoverflow.com/badges/76/wpf ,8
82,sql,tag_based,gold,http://stackoverflow.com/badges/82/sql ,8
165,linux,tag_based,silver,http://stackoverflow.com/badges/165/linux ,8
174,objective-c,tag_based,gold,http://stackoverflow.com/badges/174/objective-c ,8
208,r,tag_based,gold,http://stackoverflow.com/badges/208/r ,8
289,actionscript-3,tag_based,bronze,http://stackoverflow.com/badges/289/actionscript-3 ,8
309,struct,tag_based,bronze,http://stackoverflow.com/badges/309/struct ,8
337,hibernate,tag_based,bronze,http://stackoverflow.com/badges/337/hibernate ,8
349,unit-testing,tag_based,bronze,http://stackoverflow.com/badges/349/unit-testing ,8
383,dom,tag_based,bronze,http://stackoverflow.com/badges/383/dom ,8
397,xaml,tag_based,bronze,http://stackoverflow.com/badges/397/xaml ,8
574,lua,tag_based,bronze,http://stackoverflow.com/badges/574/lua ,8
678,sqlite,tag_based,bronze,http://stackoverflow.com/badges/678/sqlite ,8
3261,unity3d,tag_based,bronze,http://stackoverflow.com/badges/3261/unity3d ,8
3296,pandas,tag_based,gold,http://stackoverflow.com/badges/3296/pandas ,8
5664,asp.net-core-mvc,tag_based,bronze,http://stackoverflow.com/badges/5664/asp-net-core-mvc ,8
3714,reactjs,tag_based,bronze,http://stackoverflow.com/badges/3714/reactjs ,8
3815,elixir,tag_based,bronze,http://stackoverflow.com/badges/3815/elixir ,8
1809,twitter-bootstrap,tag_based,bronze,http://stackoverflow.com/badges/1809/twitter-bootstrap ,8
5913,dataframe,tag_based,silver,http://stackoverflow.com/badges/5913/dataframe ,8
43,.net,tag_based,gold,http://stackoverflow.com/badges/43/net ,7
65,delphi,tag_based,silver,http://stackoverflow.com/badges/65/delphi ,7
87,string,tag_based,silver,http://stackoverflow.com/badges/87/string ,7
133,regex,tag_based,gold,http://stackoverflow.com/badges/133/regex ,7
134,html,tag_based,gold,http://stackoverflow.com/badges/134/html ,7
140,algorithm,tag_based,silver,http://stackoverflow.com/badges/140/algorithm ,7
210,haskell,tag_based,gold,http://stackoverflow.com/badges/210/haskell ,7
303,vim,tag_based,bronze,http://stackoverflow.com/badges/303/vim ,7
305,google-app-engine,tag_based,bronze,http://stackoverflow.com/badges/305/google-app-engine ,7
400,winapi,tag_based,bronze,http://stackoverflow.com/badges/400/winapi ,7
438,sockets,tag_based,bronze,http://stackoverflow.com/badges/438/sockets ,7
441,boost,tag_based,bronze,http://stackoverflow.com/badges/441/boost ,7
445,jpa,tag_based,bronze,http://stackoverflow.com/badges/445/jpa ,7
460,variables,tag_based,bronze,http://stackoverflow.com/badges/460/variables ,7
491,types,tag_based,bronze,http://stackoverflow.com/badges/491/types ,7
537,datetime,tag_based,bronze,http://stackoverflow.com/badges/537/datetime ,7
553,facebook,tag_based,bronze,http://stackoverflow.com/badges/553/facebook ,7
558,xpath,tag_based,bronze,http://stackoverflow.com/badges/558/xpath ,7
591,lambda,tag_based,bronze,http://stackoverflow.com/badges/591/lambda ,7
663,g++,tag_based,bronze,http://stackoverflow.com/badges/663/g ,7
760,iterator,tag_based,bronze,http://stackoverflow.com/badges/760/iterator ,7
861,guava,tag_based,bronze,http://stackoverflow.com/badges/861/guava ,7
865,mongodb,tag_based,bronze,http://stackoverflow.com/badges/865/mongodb ,7
867,shell,tag_based,silver,http://stackoverflow.com/badges/867/shell ,7
891,asp.net-mvc-3,tag_based,bronze,http://stackoverflow.com/badges/891/asp-net-mvc-3 ,7
1018,ggplot2,tag_based,bronze,http://stackoverflow.com/badges/1018/ggplot2 ,7
5229,swift2,tag_based,bronze,http://stackoverflow.com/badges/5229/swift2 ,7
1247,opencv,tag_based,bronze,http://stackoverflow.com/badges/1247/opencv ,7
1566,dynamics-crm-2011,tag_based,bronze,http://stackoverflow.com/badges/1566/dynamics-crm-2011 ,7
66,asp.net-mvc,tag_based,silver,http://stackoverflow.com/badges/66/asp-net-mvc ,6
109,templates,tag_based,silver,http://stackoverflow.com/badges/109/templates ,6
115,cocoa-touch,tag_based,silver,http://stackoverflow.com/badges/115/cocoa-touch ,6
163,pointers,tag_based,silver,http://stackoverflow.com/badges/163/pointers ,6
4272,c++14,tag_based,bronze,http://stackoverflow.com/badges/4272/c14 ,6
255,xcode,tag_based,silver,http://stackoverflow.com/badges/255/xcode ,6
264,reference,tag_based,bronze,http://stackoverflow.com/badges/264/reference ,6
294,lisp,tag_based,bronze,http://stackoverflow.com/badges/294/lisp ,6
2375,typescript,tag_based,bronze,http://stackoverflow.com/badges/2375/typescript ,6
389,operator-overloading,tag_based,bronze,http://stackoverflow.com/badges/389/operator-overloading ,6
3156,language-lawyer,tag_based,bronze,http://stackoverflow.com/badges/3156/language-lawyer ,6
584,intellij-idea,tag_based,bronze,http://stackoverflow.com/badges/584/intellij-idea ,6
703,github,tag_based,bronze,http://stackoverflow.com/badges/703/github ,6
945,matplotlib,tag_based,bronze,http://stackoverflow.com/badges/945/matplotlib ,6
3135,mdx,tag_based,bronze,http://stackoverflow.com/badges/3135/mdx ,6
3141,android-studio,tag_based,bronze,http://stackoverflow.com/badges/3141/android-studio ,6
1153,backbone.js,tag_based,bronze,http://stackoverflow.com/badges/1153/backbone-js ,6
1904,c++11,tag_based,gold,http://stackoverflow.com/badges/1904/c11 ,6
60,perl,tag_based,gold,http://stackoverflow.com/badges/60/perl ,5
118,sql-server,tag_based,gold,http://stackoverflow.com/badges/118/sql-server ,5
122,delphi,tag_based,gold,http://stackoverflow.com/badges/122/delphi ,5
2282,symfony2,tag_based,bronze,http://stackoverflow.com/badges/2282/symfony2 ,5
266,mvvm,tag_based,bronze,http://stackoverflow.com/badges/266/mvvm ,5
319,scripting,tag_based,bronze,http://stackoverflow.com/badges/319/scripting ,5
408,memory-management,tag_based,bronze,http://stackoverflow.com/badges/408/memory-management ,5
431,const,tag_based,bronze,http://stackoverflow.com/badges/431/const ,5
2514,cordova,tag_based,bronze,http://stackoverflow.com/badges/2514/cordova ,5
468,constructor,tag_based,bronze,http://stackoverflow.com/badges/468/constructor ,5
2528,variadic-templates,tag_based,bronze,http://stackoverflow.com/badges/2528/variadic-templates ,5
492,emacs,tag_based,bronze,http://stackoverflow.com/badges/492/emacs ,5
494,visual-c++,tag_based,bronze,http://stackoverflow.com/badges/494/visual-c ,5
522,firefox,tag_based,bronze,http://stackoverflow.com/badges/522/firefox ,5
549,google-maps,tag_based,bronze,http://stackoverflow.com/badges/549/google-maps ,5
2667,nltk,tag_based,bronze,http://stackoverflow.com/badges/2667/nltk ,5
639,grep,tag_based,bronze,http://stackoverflow.com/badges/639/grep ,5
644,join,tag_based,bronze,http://stackoverflow.com/badges/644/join ,5
2701,stanford-nlp,tag_based,bronze,http://stackoverflow.com/badges/2701/stanford-nlp ,5
656,extjs,tag_based,bronze,http://stackoverflow.com/badges/656/extjs ,5
761,plot,tag_based,bronze,http://stackoverflow.com/badges/761/plot ,5
4863,nltk,tag_based,silver,http://stackoverflow.com/badges/4863/nltk ,5
797,nlp,tag_based,bronze,http://stackoverflow.com/badges/797/nlp ,5
855,monads,tag_based,bronze,http://stackoverflow.com/badges/855/monads ,5
863,bash,tag_based,gold,http://stackoverflow.com/badges/863/bash ,5
509,casting,tag_based,bronze,http://stackoverflow.com/badges/509/casting ,5
1124,forms,tag_based,bronze,http://stackoverflow.com/badges/1124/forms ,5
5263,wordnet,tag_based,bronze,http://stackoverflow.com/badges/5263/wordnet ,5
1199,node.js,tag_based,silver,http://stackoverflow.com/badges/1199/node-js ,5
1312,uiview,tag_based,bronze,http://stackoverflow.com/badges/1312/uiview ,5
1437,awk,tag_based,silver,http://stackoverflow.com/badges/1437/awk ,5
3548,ruby-on-rails-4,tag_based,bronze,http://stackoverflow.com/badges/3548/ruby-on-rails-4 ,5
1512,android-layout,tag_based,bronze,http://stackoverflow.com/badges/1512/android-layout ,5
3589,nlp,tag_based,silver,http://stackoverflow.com/badges/3589/nlp ,5
1543,html5,tag_based,silver,http://stackoverflow.com/badges/1543/html5 ,5
1562,sed,tag_based,silver,http://stackoverflow.com/badges/1562/sed ,5
3671,ssas,tag_based,bronze,http://stackoverflow.com/badges/3671/ssas ,5
6098,nltk,tag_based,gold,http://stackoverflow.com/badges/6098/nltk ,5
47,linq,tag_based,silver,http://stackoverflow.com/badges/47/linq ,4
4456,ios8,tag_based,bronze,http://stackoverflow.com/badges/4456/ios8 ,4
124,database,tag_based,silver,http://stackoverflow.com/badges/124/database ,4
139,tsql,tag_based,silver,http://stackoverflow.com/badges/139/tsql ,4
172,iphone,tag_based,gold,http://stackoverflow.com/badges/172/iphone ,4
4329,apache-spark,tag_based,bronze,http://stackoverflow.com/badges/4329/apache-spark ,4
243,ruby-on-rails,tag_based,gold,http://stackoverflow.com/badges/243/ruby-on-rails ,4
247,css,tag_based,gold,http://stackoverflow.com/badges/247/css ,4
256,arrays,tag_based,gold,http://stackoverflow.com/badges/256/arrays ,4
379,static,tag_based,bronze,http://stackoverflow.com/badges/379/static ,4
381,sql-server-2005,tag_based,bronze,http://stackoverflow.com/badges/381/sql-server-2005 ,4
385,database-design,tag_based,bronze,http://stackoverflow.com/badges/385/database-design ,4
449,floating-point,tag_based,bronze,http://stackoverflow.com/badges/449/floating-point ,4
499,events,tag_based,bronze,http://stackoverflow.com/badges/499/events ,4
508,select,tag_based,bronze,http://stackoverflow.com/badges/508/select ,4
523,spring-mvc,tag_based,bronze,http://stackoverflow.com/badges/523/spring-mvc ,4
530,scheme,tag_based,bronze,http://stackoverflow.com/badges/530/scheme ,4
4638,c-preprocessor,tag_based,bronze,http://stackoverflow.com/badges/4638/c-preprocessor ,4
552,racket,tag_based,bronze,http://stackoverflow.com/badges/552/racket ,4
559,command-line,tag_based,bronze,http://stackoverflow.com/badges/559/command-line ,4
2612,youtube-api,tag_based,bronze,http://stackoverflow.com/badges/2612/youtube-api ,4
565,groovy,tag_based,bronze,http://stackoverflow.com/badges/565/groovy ,4
598,domain-driven-design,tag_based,bronze,http://stackoverflow.com/badges/598/domain-driven-design ,4
2148,uiviewcontroller,tag_based,bronze,http://stackoverflow.com/badges/2148/uiviewcontroller ,4
620,sorting,tag_based,bronze,http://stackoverflow.com/badges/620/sorting ,4
3615,julia-lang,tag_based,bronze,http://stackoverflow.com/badges/3615/julia-lang ,4
625,maven-2,tag_based,bronze,http://stackoverflow.com/badges/625/maven-2 ,4
695,loops,tag_based,bronze,http://stackoverflow.com/badges/695/loops ,4
714,function-pointers,tag_based,bronze,http://stackoverflow.com/badges/714/function-pointers ,4
715,resharper,tag_based,bronze,http://stackoverflow.com/badges/715/resharper ,4
141,lisp,tag_based,silver,http://stackoverflow.com/badges/141/lisp ,4
755,object,tag_based,bronze,http://stackoverflow.com/badges/755/object ,4
757,time,tag_based,bronze,http://stackoverflow.com/badges/757/time ,4
781,image-processing,tag_based,bronze,http://stackoverflow.com/badges/781/image-processing ,4
793,windows-phone-7,tag_based,bronze,http://stackoverflow.com/badges/793/windows-phone-7 ,4
1501,delphi-xe2,tag_based,bronze,http://stackoverflow.com/badges/1501/delphi-xe2 ,4
839,audio,tag_based,bronze,http://stackoverflow.com/badges/839/audio ,4
849,geometry,tag_based,bronze,http://stackoverflow.com/badges/849/geometry ,4
887,macros,tag_based,bronze,http://stackoverflow.com/badges/887/macros ,4
909,unix,tag_based,silver,http://stackoverflow.com/badges/909/unix ,4
952,svg,tag_based,bronze,http://stackoverflow.com/badges/952/svg ,4
1023,rspec,tag_based,bronze,http://stackoverflow.com/badges/1023/rspec ,4
1053,canvas,tag_based,bronze,http://stackoverflow.com/badges/1053/canvas ,4
1100,delphi-xe,tag_based,bronze,http://stackoverflow.com/badges/1100/delphi-xe ,4
1137,for-loop,tag_based,bronze,http://stackoverflow.com/badges/1137/for-loop ,4
550,rest,tag_based,bronze,http://stackoverflow.com/badges/550/rest ,4
1254,if-statement,tag_based,bronze,http://stackoverflow.com/badges/1254/if-statement ,4
3321,ios7,tag_based,bronze,http://stackoverflow.com/badges/3321/ios7 ,4
1384,malloc,tag_based,bronze,http://stackoverflow.com/badges/1384/malloc ,4
2424,youtube,tag_based,bronze,http://stackoverflow.com/badges/2424/youtube ,4
3468,sprite-kit,tag_based,bronze,http://stackoverflow.com/badges/3468/sprite-kit ,4
4346,compiler-construction,tag_based,bronze,http://stackoverflow.com/badges/4346/compiler-construction ,4
3576,java-8,tag_based,bronze,http://stackoverflow.com/badges/3576/java-8 ,4
5691,angular2,tag_based,silver,http://stackoverflow.com/badges/5691/angular2 ,4
1684,shell,tag_based,gold,http://stackoverflow.com/badges/1684/shell ,4
1708,excel,tag_based,silver,http://stackoverflow.com/badges/1708/excel ,4
1716,gradle,tag_based,bronze,http://stackoverflow.com/badges/1716/gradle ,4
3020,coq,tag_based,bronze,http://stackoverflow.com/badges/3020/coq ,4
1777,amazon-web-services,tag_based,bronze,http://stackoverflow.com/badges/1777/amazon-web-services ,4
1841,d3.js,tag_based,bronze,http://stackoverflow.com/badges/1841/d3-js ,4
58,vb.net,tag_based,silver,http://stackoverflow.com/badges/58/vb-net ,3
4164,uitextfield,tag_based,bronze,http://stackoverflow.com/badges/4164/uitextfield ,3
80,git,tag_based,silver,http://stackoverflow.com/badges/80/git ,3
103,matlab,tag_based,silver,http://stackoverflow.com/badges/103/matlab ,3
105,xml,tag_based,silver,http://stackoverflow.com/badges/105/xml ,3
4216,wso2,tag_based,bronze,http://stackoverflow.com/badges/4216/wso2 ,3
123,mysql,tag_based,gold,http://stackoverflow.com/badges/123/mysql ,3
5483,wso2esb,tag_based,bronze,http://stackoverflow.com/badges/5483/wso2esb ,3
132,optimization,tag_based,silver,http://stackoverflow.com/badges/132/optimization ,3
148,clojure,tag_based,silver,http://stackoverflow.com/badges/148/clojure ,3
158,stl,tag_based,silver,http://stackoverflow.com/badges/158/stl ,3
171,entity-framework,tag_based,silver,http://stackoverflow.com/badges/171/entity-framework ,3
2229,clang,tag_based,bronze,http://stackoverflow.com/badges/2229/clang ,3
192,datetime,tag_based,silver,http://stackoverflow.com/badges/192/datetime ,3
2080,three.js,tag_based,bronze,http://stackoverflow.com/badges/2080/three-js ,3
209,list,tag_based,silver,http://stackoverflow.com/badges/209/list ,3
215,jpa,tag_based,silver,http://stackoverflow.com/badges/215/jpa ,3
258,sql-server-2008,tag_based,silver,http://stackoverflow.com/badges/258/sql-server-2008 ,3
301,language-agnostic,tag_based,bronze,http://stackoverflow.com/badges/301/language-agnostic ,3
4400,javacard,tag_based,bronze,http://stackoverflow.com/badges/4400/javacard ,3
313,grails,tag_based,bronze,http://stackoverflow.com/badges/313/grails ,3
348,jsp,tag_based,bronze,http://stackoverflow.com/badges/348/jsp ,3
350,xslt,tag_based,bronze,http://stackoverflow.com/badges/350/xslt ,3
365,nsstring,tag_based,bronze,http://stackoverflow.com/badges/365/nsstring ,3
393,data-structures,tag_based,bronze,http://stackoverflow.com/badges/393/data-structures ,3
4497,nsuserdefaults,tag_based,bronze,http://stackoverflow.com/badges/4497/nsuserdefaults ,3
403,internet-explorer,tag_based,bronze,http://stackoverflow.com/badges/403/internet-explorer ,3
2457,ios6,tag_based,bronze,http://stackoverflow.com/badges/2457/ios6 ,3
413,stored-procedures,tag_based,bronze,http://stackoverflow.com/badges/413/stored-procedures ,3
4528,swift,tag_based,gold,http://stackoverflow.com/badges/4528/swift ,3
443,linq-to-sql,tag_based,bronze,http://stackoverflow.com/badges/443/linq-to-sql ,3
444,f#,tag_based,bronze,http://stackoverflow.com/badges/444/f ,3
446,flash,tag_based,bronze,http://stackoverflow.com/badges/446/flash ,3
470,design,tag_based,bronze,http://stackoverflow.com/badges/470/design ,3
2555,nsdate,tag_based,bronze,http://stackoverflow.com/badges/2555/nsdate ,3
85,linq,tag_based,gold,http://stackoverflow.com/badges/85/linq ,3
515,file,tag_based,bronze,http://stackoverflow.com/badges/515/file ,3
533,opengl,tag_based,bronze,http://stackoverflow.com/badges/533/opengl ,3
566,gwt,tag_based,bronze,http://stackoverflow.com/badges/566/gwt ,3
568,jpa-2.0,tag_based,bronze,http://stackoverflow.com/badges/568/jpa-2-0 ,3
575,common-lisp,tag_based,bronze,http://stackoverflow.com/badges/575/common-lisp ,3
602,timezone,tag_based,bronze,http://stackoverflow.com/badges/602/timezone ,3
2670,raphael,tag_based,bronze,http://stackoverflow.com/badges/2670/raphael ,3
647,matrix,tag_based,bronze,http://stackoverflow.com/badges/647/matrix ,3
649,sas,tag_based,bronze,http://stackoverflow.com/badges/649/sas ,3
692,random,tag_based,bronze,http://stackoverflow.com/badges/692/random ,3
712,arraylist,tag_based,bronze,http://stackoverflow.com/badges/712/arraylist ,3
751,templates,tag_based,gold,http://stackoverflow.com/badges/751/templates ,3
765,vba,tag_based,silver,http://stackoverflow.com/badges/765/vba ,3
796,google-maps-api-3,tag_based,bronze,http://stackoverflow.com/badges/796/google-maps-api-3 ,3
798,ajax,tag_based,silver,http://stackoverflow.com/badges/798/ajax ,3
806,ada,tag_based,bronze,http://stackoverflow.com/badges/806/ada ,3
4907,fullpage.js,tag_based,bronze,http://stackoverflow.com/badges/4907/fullpage-js ,3
2889,uitableview,tag_based,silver,http://stackoverflow.com/badges/2889/uitableview ,3
843,table,tag_based,bronze,http://stackoverflow.com/badges/843/table ,3
856,google-chrome,tag_based,bronze,http://stackoverflow.com/badges/856/google-chrome ,3
2905,eclipselink,tag_based,silver,http://stackoverflow.com/badges/2905/eclipselink ,3
864,jpa,tag_based,gold,http://stackoverflow.com/badges/864/jpa ,3
869,css-selectors,tag_based,bronze,http://stackoverflow.com/badges/869/css-selectors ,3
919,jpql,tag_based,bronze,http://stackoverflow.com/badges/919/jpql ,3
928,go,tag_based,bronze,http://stackoverflow.com/badges/928/go ,3
2978,nokogiri,tag_based,silver,http://stackoverflow.com/badges/2978/nokogiri ,3
941,junit,tag_based,bronze,http://stackoverflow.com/badges/941/junit ,3
961,calendar,tag_based,bronze,http://stackoverflow.com/badges/961/calendar ,3
967,eclipselink,tag_based,bronze,http://stackoverflow.com/badges/967/eclipselink ,3
3026,xamarin,tag_based,bronze,http://stackoverflow.com/badges/3026/xamarin ,3
3028,svg,tag_based,gold,http://stackoverflow.com/badges/3028/svg ,3
3034,uiimage,tag_based,bronze,http://stackoverflow.com/badges/3034/uiimage ,3
999,nsarray,tag_based,bronze,http://stackoverflow.com/badges/999/nsarray ,3
1048,ghc,tag_based,bronze,http://stackoverflow.com/badges/1048/ghc ,3
1054,printf,tag_based,bronze,http://stackoverflow.com/badges/1054/printf ,3
1059,jodatime,tag_based,bronze,http://stackoverflow.com/badges/1059/jodatime ,3
1080,lua,tag_based,silver,http://stackoverflow.com/badges/1080/lua ,3
5182,react-native,tag_based,bronze,http://stackoverflow.com/badges/5182/react-native ,3
1090,typeclass,tag_based,bronze,http://stackoverflow.com/badges/1090/typeclass ,3
3260,vaadin,tag_based,bronze,http://stackoverflow.com/badges/3260/vaadin ,3
1135,firefox-addon,tag_based,bronze,http://stackoverflow.com/badges/1135/firefox-addon ,3
1154,reporting-services,tag_based,bronze,http://stackoverflow.com/badges/1154/reporting-services ,3
1185,cmake,tag_based,bronze,http://stackoverflow.com/badges/1185/cmake ,3
1212,json,tag_based,silver,http://stackoverflow.com/badges/1212/json ,3
1227,linux,tag_based,gold,http://stackoverflow.com/badges/1227/linux ,3
5319,pyspark,tag_based,bronze,http://stackoverflow.com/badges/5319/pyspark ,3
1225,tcp,tag_based,bronze,http://stackoverflow.com/badges/1225/tcp ,3
2163,ember.js,tag_based,bronze,http://stackoverflow.com/badges/2163/ember-js ,3
1240,date,tag_based,silver,http://stackoverflow.com/badges/1240/date ,3
1302,racket,tag_based,silver,http://stackoverflow.com/badges/1302/racket ,3
1308,sinatra,tag_based,bronze,http://stackoverflow.com/badges/1308/sinatra ,3
1360,nsmutablearray,tag_based,bronze,http://stackoverflow.com/badges/1360/nsmutablearray ,3
1382,yii,tag_based,bronze,http://stackoverflow.com/badges/1382/yii ,3
1409,haml,tag_based,bronze,http://stackoverflow.com/badges/1409/haml ,3
1426,ubuntu,tag_based,bronze,http://stackoverflow.com/badges/1426/ubuntu ,3
5534,vaadin7,tag_based,bronze,http://stackoverflow.com/badges/5534/vaadin7 ,3
1448,canvas,tag_based,silver,http://stackoverflow.com/badges/1448/canvas ,3
1458,nokogiri,tag_based,bronze,http://stackoverflow.com/badges/1458/nokogiri ,3
1493,nsdictionary,tag_based,bronze,http://stackoverflow.com/badges/1493/nsdictionary ,3
1494,express,tag_based,bronze,http://stackoverflow.com/badges/1494/express ,3
5602,computational-geometry,tag_based,bronze,http://stackoverflow.com/badges/5602/computational-geometry ,3
1526,hadoop,tag_based,bronze,http://stackoverflow.com/badges/1526/hadoop ,3
600,.htaccess,tag_based,bronze,http://stackoverflow.com/badges/600/htaccess ,3
5675,nsattributedstring,tag_based,bronze,http://stackoverflow.com/badges/5675/nsattributedstring ,3
3644,uilabel,tag_based,bronze,http://stackoverflow.com/badges/3644/uilabel ,3
1613,data-binding,tag_based,bronze,http://stackoverflow.com/badges/1613/data-binding ,3
5729,nsfilemanager,tag_based,bronze,http://stackoverflow.com/badges/5729/nsfilemanager ,3
1650,uibutton,tag_based,bronze,http://stackoverflow.com/badges/1650/uibutton ,3
1655,automatic-ref-counting,tag_based,bronze,http://stackoverflow.com/badges/1655/automatic-ref-counting ,3
1724,segmentation-fault,tag_based,bronze,http://stackoverflow.com/badges/1724/segmentation-fault ,3
1750,svg,tag_based,silver,http://stackoverflow.com/badges/1750/svg ,3
1763,replace,tag_based,bronze,http://stackoverflow.com/badges/1763/replace ,3
1764,std,tag_based,bronze,http://stackoverflow.com/badges/1764/std ,3
3862,nsdateformatter,tag_based,bronze,http://stackoverflow.com/badges/3862/nsdateformatter ,3
1836,firefox-addon,tag_based,silver,http://stackoverflow.com/badges/1836/firefox-addon ,3
1837,firefox-addon-sdk,tag_based,bronze,http://stackoverflow.com/badges/1837/firefox-addon-sdk ,3
5936,nsstring,tag_based,silver,http://stackoverflow.com/badges/5936/nsstring ,3
278,security,tag_based,bronze,http://stackoverflow.com/badges/278/security ,3
1878,unix,tag_based,gold,http://stackoverflow.com/badges/1878/unix ,3
1879,maven,tag_based,silver,http://stackoverflow.com/badges/1879/maven ,3
1912,asp.net-mvc-4,tag_based,bronze,http://stackoverflow.com/badges/1912/asp-net-mvc-4 ,3
2030,sbt,tag_based,bronze,http://stackoverflow.com/badges/2030/sbt ,3
6043,fiware-orion,tag_based,bronze,http://stackoverflow.com/badges/6043/fiware-orion ,3
2005,highcharts,tag_based,bronze,http://stackoverflow.com/badges/2005/highcharts ,3
2008,move-semantics,tag_based,bronze,http://stackoverflow.com/badges/2008/move-semantics ,3
1019,persistence,tag_based,bronze,http://stackoverflow.com/badges/1019/persistence ,3
4086,sh,tag_based,bronze,http://stackoverflow.com/badges/4086/sh ,3
2039,terminal,tag_based,bronze,http://stackoverflow.com/badges/2039/terminal ,3
92,multithreading,tag_based,silver,http://stackoverflow.com/badges/92/multithreading ,2
99,emacs,tag_based,silver,http://stackoverflow.com/badges/99/emacs ,2
2191,c99,tag_based,bronze,http://stackoverflow.com/badges/2191/c99 ,2
6300,swift3,tag_based,bronze,http://stackoverflow.com/badges/6300/swift3 ,2
164,wpf,tag_based,gold,http://stackoverflow.com/badges/164/wpf ,2
167,spring,tag_based,silver,http://stackoverflow.com/badges/167/spring ,2
168,scala,tag_based,gold,http://stackoverflow.com/badges/168/scala ,2
2242,mongoose,tag_based,bronze,http://stackoverflow.com/badges/2242/mongoose ,2
196,dictionary,tag_based,silver,http://stackoverflow.com/badges/196/dictionary ,2
2251,excel-formula,tag_based,bronze,http://stackoverflow.com/badges/2251/excel-formula ,2
212,string,tag_based,gold,http://stackoverflow.com/badges/212/string ,2
218,rest,tag_based,silver,http://stackoverflow.com/badges/218/rest ,2
242,windows,tag_based,silver,http://stackoverflow.com/badges/242/windows ,2
246,core-data,tag_based,silver,http://stackoverflow.com/badges/246/core-data ,2
2298,sql-server-2012,tag_based,bronze,http://stackoverflow.com/badges/2298/sql-server-2012 ,2
4370,Illuminator,named,gold,http://stackoverflow.com/badges/4370/illuminator ,2
2350,find,tag_based,bronze,http://stackoverflow.com/badges/2350/find ,2
4408,crm,tag_based,bronze,http://stackoverflow.com/badges/4408/crm ,2
321,svn,tag_based,bronze,http://stackoverflow.com/badges/321/svn ,2
351,syntax,tag_based,bronze,http://stackoverflow.com/badges/351/syntax ,2
357,zend-framework,tag_based,bronze,http://stackoverflow.com/badges/357/zend-framework ,2
2411,windows-runtime,tag_based,bronze,http://stackoverflow.com/badges/2411/windows-runtime ,2
369,reflection,tag_based,bronze,http://stackoverflow.com/badges/369/reflection ,2
370,debugging,tag_based,bronze,http://stackoverflow.com/badges/370/debugging ,2
371,design-patterns,tag_based,bronze,http://stackoverflow.com/badges/371/design-patterns ,2
388,cakephp,tag_based,bronze,http://stackoverflow.com/badges/388/cakephp ,2
395,listview,tag_based,bronze,http://stackoverflow.com/badges/395/listview ,2
416,selenium,tag_based,bronze,http://stackoverflow.com/badges/416/selenium ,2
434,embedded,tag_based,bronze,http://stackoverflow.com/badges/434/embedded ,2
435,indexing,tag_based,bronze,http://stackoverflow.com/badges/435/indexing ,2
436,coding-style,tag_based,bronze,http://stackoverflow.com/badges/436/coding-style ,2
439,jdbc,tag_based,bronze,http://stackoverflow.com/badges/439/jdbc ,2
451,visual-studio-2010,tag_based,bronze,http://stackoverflow.com/badges/451/visual-studio-2010 ,2
456,elisp,tag_based,bronze,http://stackoverflow.com/badges/456/elisp ,2
461,programming-languages,tag_based,bronze,http://stackoverflow.com/badges/461/programming-languages ,2
1103,dynamics-crm,tag_based,bronze,http://stackoverflow.com/badges/1103/dynamics-crm ,2
2543,undefined-behavior,tag_based,bronze,http://stackoverflow.com/badges/2543/undefined-behavior ,2
2545,kendo-ui,tag_based,bronze,http://stackoverflow.com/badges/2545/kendo-ui ,2
4598,kotlin,tag_based,bronze,http://stackoverflow.com/badges/4598/kotlin ,2
2390,gcc,tag_based,silver,http://stackoverflow.com/badges/2390/gcc ,2
518,exception,tag_based,bronze,http://stackoverflow.com/badges/518/exception ,2
519,lucene,tag_based,bronze,http://stackoverflow.com/badges/519/lucene ,2
527,collections,tag_based,bronze,http://stackoverflow.com/badges/527/collections ,2
534,session,tag_based,bronze,http://stackoverflow.com/badges/534/session ,2
536,enums,tag_based,bronze,http://stackoverflow.com/badges/536/enums ,2
538,ocaml,tag_based,bronze,http://stackoverflow.com/badges/538/ocaml ,2
563,msbuild,tag_based,bronze,http://stackoverflow.com/badges/563/msbuild ,2
2618,datatemplate,tag_based,bronze,http://stackoverflow.com/badges/2618/datatemplate ,2
580,tfs,tag_based,bronze,http://stackoverflow.com/badges/580/tfs ,2
590,memory,tag_based,bronze,http://stackoverflow.com/badges/590/memory ,2
2652,template-specialization,tag_based,bronze,http://stackoverflow.com/badges/2652/template-specialization ,2
609,parsing,tag_based,bronze,http://stackoverflow.com/badges/609/parsing ,2
611,tomcat,tag_based,bronze,http://stackoverflow.com/badges/611/tomcat ,2
615,apache,tag_based,bronze,http://stackoverflow.com/badges/615/apache ,2
626,initialization,tag_based,bronze,http://stackoverflow.com/badges/626/initialization ,2
635,.net-4.0,tag_based,bronze,http://stackoverflow.com/badges/635/net-4-0 ,2
637,csv,tag_based,bronze,http://stackoverflow.com/badges/637/csv ,2
643,activerecord,tag_based,bronze,http://stackoverflow.com/badges/643/activerecord ,2
650,user-interface,tag_based,bronze,http://stackoverflow.com/badges/650/user-interface ,2
4754,constexpr,tag_based,bronze,http://stackoverflow.com/badges/4754/constexpr ,2
668,batch-file,tag_based,bronze,http://stackoverflow.com/badges/668/batch-file ,2
680,dojo,tag_based,bronze,http://stackoverflow.com/badges/680/dojo ,2
2753,sfinae,tag_based,bronze,http://stackoverflow.com/badges/2753/sfinae ,2
2759,libgdx,tag_based,bronze,http://stackoverflow.com/badges/2759/libgdx ,2
3200,bit-manipulation,tag_based,bronze,http://stackoverflow.com/badges/3200/bit-manipulation ,2
782,elisp,tag_based,silver,http://stackoverflow.com/badges/782/elisp ,2
783,javascript-events,tag_based,bronze,http://stackoverflow.com/badges/783/javascript-events ,2
2074,asp.net-web-api,tag_based,bronze,http://stackoverflow.com/badges/2074/asp-net-web-api ,2
827,linker,tag_based,bronze,http://stackoverflow.com/badges/827/linker ,2
828,makefile,tag_based,bronze,http://stackoverflow.com/badges/828/makefile ,2
4928,material-design,tag_based,bronze,http://stackoverflow.com/badges/4928/material-design ,2
842,tkinter,tag_based,bronze,http://stackoverflow.com/badges/842/tkinter ,2
4870,ecmascript-6,tag_based,bronze,http://stackoverflow.com/badges/4870/ecmascript-6 ,2
868,scheme,tag_based,silver,http://stackoverflow.com/badges/868/scheme ,2
4967,c++14,tag_based,silver,http://stackoverflow.com/badges/4967/c14 ,2
907,c#-4.0,tag_based,bronze,http://stackoverflow.com/badges/907/c-4-0 ,2
913,recursion,tag_based,bronze,http://stackoverflow.com/badges/913/recursion ,2
915,validation,tag_based,bronze,http://stackoverflow.com/badges/915/validation ,2
923,grails,tag_based,silver,http://stackoverflow.com/badges/923/grails ,2
939,crystal-reports,tag_based,bronze,http://stackoverflow.com/badges/939/crystal-reports ,2
429,image,tag_based,bronze,http://stackoverflow.com/badges/429/image ,2
960,shared-ptr,tag_based,bronze,http://stackoverflow.com/badges/960/shared-ptr ,2
975,wpf-controls,tag_based,bronze,http://stackoverflow.com/badges/975/wpf-controls ,2
505,core-data,tag_based,bronze,http://stackoverflow.com/badges/505/core-data ,2
995,spring-security,tag_based,bronze,http://stackoverflow.com/badges/995/spring-security ,2
5104,ionic-framework,tag_based,bronze,http://stackoverflow.com/badges/5104/ionic-framework ,2
3085,autolayout,tag_based,bronze,http://stackoverflow.com/badges/3085/autolayout ,2
1040,math,tag_based,silver,http://stackoverflow.com/badges/1040/math ,2
1043,xaml,tag_based,silver,http://stackoverflow.com/badges/1043/xaml ,2
3092,user-controls,tag_based,bronze,http://stackoverflow.com/badges/3092/user-controls ,2
3103,sas,tag_based,silver,http://stackoverflow.com/badges/3103/sas ,2
1060,binding,tag_based,bronze,http://stackoverflow.com/badges/1060/binding ,2
5164,yaml,tag_based,bronze,http://stackoverflow.com/badges/5164/yaml ,2
1085,stack,tag_based,bronze,http://stackoverflow.com/badges/1085/stack ,2
1119,system.reactive,tag_based,bronze,http://stackoverflow.com/badges/1119/system-reactive ,2
1121,mvvm,tag_based,silver,http://stackoverflow.com/badges/1121/mvvm ,2
1123,coffeescript,tag_based,bronze,http://stackoverflow.com/badges/1123/coffeescript ,2
5272,yaml-cpp,tag_based,bronze,http://stackoverflow.com/badges/5272/yaml-cpp ,2
3271,qml,tag_based,bronze,http://stackoverflow.com/badges/3271/qml ,2
1208,numpy,tag_based,silver,http://stackoverflow.com/badges/1208/numpy ,2
3259,awk,tag_based,gold,http://stackoverflow.com/badges/3259/awk ,2
3286,octave,tag_based,bronze,http://stackoverflow.com/badges/3286/octave ,2
3287,docker,tag_based,bronze,http://stackoverflow.com/badges/3287/docker ,2
1257,uml,tag_based,bronze,http://stackoverflow.com/badges/1257/uml ,2
1262,tuples,tag_based,bronze,http://stackoverflow.com/badges/1262/tuples ,2
1267,vector,tag_based,silver,http://stackoverflow.com/badges/1267/vector ,2
1274,listbox,tag_based,bronze,http://stackoverflow.com/badges/1274/listbox ,2
1275,facebook-graph-api,tag_based,bronze,http://stackoverflow.com/badges/1275/facebook-graph-api ,2
3330,windows-store-apps,tag_based,bronze,http://stackoverflow.com/badges/3330/windows-store-apps ,2
1289,styles,tag_based,bronze,http://stackoverflow.com/badges/1289/styles ,2
1318,itemscontrol,tag_based,bronze,http://stackoverflow.com/badges/1318/itemscontrol ,2
561,map,tag_based,bronze,http://stackoverflow.com/badges/561/map ,2
5470,overload-resolution,tag_based,bronze,http://stackoverflow.com/badges/5470/overload-resolution ,2
3424,dynamics-crm-2011,tag_based,silver,http://stackoverflow.com/badges/3424/dynamics-crm-2011 ,2
1379,cmd,tag_based,bronze,http://stackoverflow.com/badges/1379/cmd ,2
235,common-lisp,tag_based,silver,http://stackoverflow.com/badges/235/common-lisp ,2
2966,cron,tag_based,bronze,http://stackoverflow.com/badges/2966/cron ,2
1463,glsl,tag_based,bronze,http://stackoverflow.com/badges/1463/glsl ,2
1473,char,tag_based,bronze,http://stackoverflow.com/badges/1473/char ,2
1481,preg-replace,tag_based,bronze,http://stackoverflow.com/badges/1481/preg-replace ,2
3556,sed,tag_based,gold,http://stackoverflow.com/badges/3556/sed ,2
1515,escaping,tag_based,bronze,http://stackoverflow.com/badges/1515/escaping ,2
1520,datagrid,tag_based,bronze,http://stackoverflow.com/badges/1520/datagrid ,2
1521,fork,tag_based,bronze,http://stackoverflow.com/badges/1521/fork ,2
5631,swift2,tag_based,silver,http://stackoverflow.com/badges/5631/swift2 ,2
1536,curl,tag_based,bronze,http://stackoverflow.com/badges/1536/curl ,2
1544,android-fragments,tag_based,bronze,http://stackoverflow.com/badges/1544/android-fragments ,2
1547,amazon-s3,tag_based,bronze,http://stackoverflow.com/badges/1547/amazon-s3 ,2
1552,bitmap,tag_based,bronze,http://stackoverflow.com/badges/1552/bitmap ,2
1757,clisp,tag_based,bronze,http://stackoverflow.com/badges/1757/clisp ,2
5672,template-meta-programming,tag_based,bronze,http://stackoverflow.com/badges/5672/template-meta-programming ,2
1592,android-intent,tag_based,bronze,http://stackoverflow.com/badges/1592/android-intent ,2
1635,subquery,tag_based,bronze,http://stackoverflow.com/badges/1635/subquery ,2
1642,data.table,tag_based,bronze,http://stackoverflow.com/badges/1642/data-table ,2
1663,core-data,tag_based,gold,http://stackoverflow.com/badges/1663/core-data ,2
1664,python-3.x,tag_based,silver,http://stackoverflow.com/badges/1664/python-3-x ,2
1672,data-binding,tag_based,silver,http://stackoverflow.com/badges/1672/data-binding ,2
1673,big-o,tag_based,bronze,http://stackoverflow.com/badges/1673/big-o ,2
1678,batch-file,tag_based,silver,http://stackoverflow.com/badges/1678/batch-file ,2
2669,sweave,tag_based,bronze,http://stackoverflow.com/badges/2669/sweave ,2
693,delphi-2010,tag_based,bronze,http://stackoverflow.com/badges/693/delphi-2010 ,2
1696,windows-8,tag_based,bronze,http://stackoverflow.com/badges/1696/windows-8 ,2
3754,crystal-reports,tag_based,silver,http://stackoverflow.com/badges/3754/crystal-reports ,2
1717,notepad++,tag_based,bronze,http://stackoverflow.com/badges/1717/notepad ,2
1007,nosql,tag_based,bronze,http://stackoverflow.com/badges/1007/nosql ,2
1735,sockets,tag_based,silver,http://stackoverflow.com/badges/1735/sockets ,2
2539,excel,tag_based,gold,http://stackoverflow.com/badges/2539/excel ,2
1758,xaml,tag_based,gold,http://stackoverflow.com/badges/1758/xaml ,2
1761,backbone.js,tag_based,silver,http://stackoverflow.com/badges/1761/backbone-js ,2
3823,icloud,tag_based,bronze,http://stackoverflow.com/badges/3823/icloud ,2
5881,xamarin.ios,tag_based,bronze,http://stackoverflow.com/badges/5881/xamarin-ios ,2
1826,jasper-reports,tag_based,bronze,http://stackoverflow.com/badges/1826/jasper-reports ,2
1845,excel-vba,tag_based,silver,http://stackoverflow.com/badges/1845/excel-vba ,2
4752,language-lawyer,tag_based,silver,http://stackoverflow.com/badges/4752/language-lawyer ,2
2363,microsoft-metro,tag_based,bronze,http://stackoverflow.com/badges/2363/microsoft-metro ,2
5991,c++1z,tag_based,bronze,http://stackoverflow.com/badges/5991/c1z ,2
1946,multidimensional-array,tag_based,bronze,http://stackoverflow.com/badges/1946/multidimensional-array ,2
272,servlets,tag_based,bronze,http://stackoverflow.com/badges/272/servlets ,2
1975,qt,tag_based,silver,http://stackoverflow.com/badges/1975/qt ,2
1982,ios4,tag_based,bronze,http://stackoverflow.com/badges/1982/ios4 ,2
1995,android-ndk,tag_based,bronze,http://stackoverflow.com/badges/1995/android-ndk ,2
6092,rest-assured,tag_based,bronze,http://stackoverflow.com/badges/6092/rest-assured ,2
2000,socket.io,tag_based,bronze,http://stackoverflow.com/badges/2000/socket-io ,2
5196,android-design-library,tag_based,bronze,http://stackoverflow.com/badges/5196/android-design-library ,2
2034,android-actionbar,tag_based,bronze,http://stackoverflow.com/badges/2034/android-actionbar ,2
2041,scheme,tag_based,gold,http://stackoverflow.com/badges/2041/scheme ,2
2046,knockout.js,tag_based,bronze,http://stackoverflow.com/badges/2046/knockout-js ,2
2047,sbcl,tag_based,bronze,http://stackoverflow.com/badges/2047/sbcl ,2
68,performance,tag_based,silver,http://stackoverflow.com/badges/68/performance ,1
4125,glade,tag_based,bronze,http://stackoverflow.com/badges/4125/glade ,1
2117,twitter-bootstrap,tag_based,silver,http://stackoverflow.com/badges/2117/twitter-bootstrap ,1
2120,biztalk,tag_based,bronze,http://stackoverflow.com/badges/2120/biztalk ,1
73,django,tag_based,silver,http://stackoverflow.com/badges/73/django ,1
5415,ecto,tag_based,bronze,http://stackoverflow.com/badges/5415/ecto ,1
81,oracle,tag_based,silver,http://stackoverflow.com/badges/81/oracle ,1
2134,jekyll,tag_based,bronze,http://stackoverflow.com/badges/2134/jekyll ,1
2137,cygwin,tag_based,bronze,http://stackoverflow.com/badges/2137/cygwin ,1
3833,ksh,tag_based,bronze,http://stackoverflow.com/badges/3833/ksh ,1
2407,prolog,tag_based,silver,http://stackoverflow.com/badges/2407/prolog ,1
4474,speech-to-text,tag_based,bronze,http://stackoverflow.com/badges/4474/speech-to-text ,1
4206,java-stream,tag_based,bronze,http://stackoverflow.com/badges/4206/java-stream ,1
6258,dask,tag_based,bronze,http://stackoverflow.com/badges/6258/dask ,1
6263,angularjs-filter,tag_based,bronze,http://stackoverflow.com/badges/6263/angularjs-filter ,1
2169,async-ctp,tag_based,bronze,http://stackoverflow.com/badges/2169/async-ctp ,1
125,google-app-engine,tag_based,silver,http://stackoverflow.com/badges/125/google-app-engine ,1
128,sql-server-2005,tag_based,silver,http://stackoverflow.com/badges/128/sql-server-2005 ,1
129,multithreading,tag_based,gold,http://stackoverflow.com/badges/129/multithreading ,1
2050,order,tag_based,bronze,http://stackoverflow.com/badges/2050/order ,1
2186,numbers,tag_based,bronze,http://stackoverflow.com/badges/2186/numbers ,1
153,xslt,tag_based,silver,http://stackoverflow.com/badges/153/xslt ,1
157,functional-programming,tag_based,silver,http://stackoverflow.com/badges/157/functional-programming ,1
160,powershell,tag_based,silver,http://stackoverflow.com/badges/160/powershell ,1
161,git,tag_based,gold,http://stackoverflow.com/badges/161/git ,1
4258,protractor,tag_based,bronze,http://stackoverflow.com/badges/4258/protractor ,1
169,matlab,tag_based,gold,http://stackoverflow.com/badges/169/matlab ,1
2223,mysqli,tag_based,bronze,http://stackoverflow.com/badges/2223/mysqli ,1
2225,mockito,tag_based,bronze,http://stackoverflow.com/badges/2225/mockito ,1
2529,zend-framework2,tag_based,bronze,http://stackoverflow.com/badges/2529/zend-framework2 ,1
4276,firebase-security,tag_based,bronze,http://stackoverflow.com/badges/4276/firebase-security ,1
183,programming-languages,tag_based,silver,http://stackoverflow.com/badges/183/programming-languages ,1
2233,swi-prolog,tag_based,bronze,http://stackoverflow.com/badges/2233/swi-prolog ,1
4282,rust,tag_based,silver,http://stackoverflow.com/badges/4282/rust ,1
4810,elixir,tag_based,silver,http://stackoverflow.com/badges/4810/elixir ,1
2052,google-apps-script,tag_based,bronze,http://stackoverflow.com/badges/2052/google-apps-script ,1
5493,worklight-adapters,tag_based,bronze,http://stackoverflow.com/badges/5493/worklight-adapters ,1
6339,facebook-friends,tag_based,bronze,http://stackoverflow.com/badges/6339/facebook-friends ,1
4301,asp.net-identity,tag_based,silver,http://stackoverflow.com/badges/4301/asp-net-identity ,1
206,swing,tag_based,silver,http://stackoverflow.com/badges/206/swing ,1
274,delphi-2009,tag_based,bronze,http://stackoverflow.com/badges/274/delphi-2009 ,1
216,vb6,tag_based,silver,http://stackoverflow.com/badges/216/vb6 ,1
3148,vb6,tag_based,gold,http://stackoverflow.com/badges/3148/vb6 ,1
2283,symfony1,tag_based,bronze,http://stackoverflow.com/badges/2283/symfony1 ,1
6381,Not a Robot,named,silver,http://stackoverflow.com/badges/6381/not-a-robot ,1
5363,angularjs-routing,tag_based,bronze,http://stackoverflow.com/badges/5363/angularjs-routing ,1
2287,jni,tag_based,bronze,http://stackoverflow.com/badges/2287/jni ,1
2289,sublimetext,tag_based,bronze,http://stackoverflow.com/badges/2289/sublimetext ,1
2292,sql-order-by,tag_based,bronze,http://stackoverflow.com/badges/2292/sql-order-by ,1
245,xslt,tag_based,gold,http://stackoverflow.com/badges/245/xslt ,1
263,cryptography,tag_based,bronze,http://stackoverflow.com/badges/263/cryptography ,1
320,jquery-ui,tag_based,bronze,http://stackoverflow.com/badges/320/jquery-ui ,1
325,asp.net-mvc-2,tag_based,bronze,http://stackoverflow.com/badges/325/asp-net-mvc-2 ,1
330,utf-8,tag_based,bronze,http://stackoverflow.com/badges/330/utf-8 ,1
331,lift,tag_based,bronze,http://stackoverflow.com/badges/331/lift ,1
332,nhibernate,tag_based,bronze,http://stackoverflow.com/badges/332/nhibernate ,1
335,java-ee,tag_based,bronze,http://stackoverflow.com/badges/335/java-ee ,1
2739,sublimetext2,tag_based,bronze,http://stackoverflow.com/badges/2739/sublimetext2 ,1
344,vbscript,tag_based,bronze,http://stackoverflow.com/badges/344/vbscript ,1
2394,uac,tag_based,bronze,http://stackoverflow.com/badges/2394/uac ,1
2414,numpy,tag_based,gold,http://stackoverflow.com/badges/2414/numpy ,1
372,wordpress,tag_based,bronze,http://stackoverflow.com/badges/372/wordpress ,1
4158,binary-tree,tag_based,bronze,http://stackoverflow.com/badges/4158/binary-tree ,1
386,plsql,tag_based,bronze,http://stackoverflow.com/badges/386/plsql ,1
392,django-admin,tag_based,bronze,http://stackoverflow.com/badges/392/django-admin ,1
4490,crontab,tag_based,bronze,http://stackoverflow.com/badges/4490/crontab ,1
398,http,tag_based,bronze,http://stackoverflow.com/badges/398/http ,1
422,coldfusion,tag_based,bronze,http://stackoverflow.com/badges/422/coldfusion ,1
2471,filesystems,tag_based,bronze,http://stackoverflow.com/badges/2471/filesystems ,1
426,jvm,tag_based,bronze,http://stackoverflow.com/badges/426/jvm ,1
4108,worklight-studio,tag_based,bronze,http://stackoverflow.com/badges/4108/worklight-studio ,1
428,linux-kernel,tag_based,bronze,http://stackoverflow.com/badges/428/linux-kernel ,1
433,url,tag_based,bronze,http://stackoverflow.com/badges/433/url ,1
4538,cell-array,tag_based,bronze,http://stackoverflow.com/badges/4538/cell-array ,1
452,cgi,tag_based,bronze,http://stackoverflow.com/badges/452/cgi ,1
455,xna,tag_based,bronze,http://stackoverflow.com/badges/455/xna ,1
2505,twig,tag_based,bronze,http://stackoverflow.com/badges/2505/twig ,1
1037,tfs2010,tag_based,bronze,http://stackoverflow.com/badges/1037/tfs2010 ,1
2520,async-await,tag_based,silver,http://stackoverflow.com/badges/2520/async-await ,1
2521,pip,tag_based,bronze,http://stackoverflow.com/badges/2521/pip ,1
484,import,tag_based,bronze,http://stackoverflow.com/badges/484/import ,1
487,namespaces,tag_based,bronze,http://stackoverflow.com/badges/487/namespaces ,1
488,overloading,tag_based,bronze,http://stackoverflow.com/badges/488/overloading ,1
489,sharepoint,tag_based,bronze,http://stackoverflow.com/badges/489/sharepoint ,1
6226,mysql-workbench,tag_based,silver,http://stackoverflow.com/badges/6226/mysql-workbench ,1
496,jquery-selectors,tag_based,bronze,http://stackoverflow.com/badges/496/jquery-selectors ,1
2546,deadlock,tag_based,bronze,http://stackoverflow.com/badges/2546/deadlock ,1
4616,gtk3,tag_based,bronze,http://stackoverflow.com/badges/4616/gtk3 ,1
2573,select,tag_based,silver,http://stackoverflow.com/badges/2573/select ,1
526,d,tag_based,bronze,http://stackoverflow.com/badges/526/d ,1
539,file-io,tag_based,bronze,http://stackoverflow.com/badges/539/file-io ,1
2594,spring-security,tag_based,silver,http://stackoverflow.com/badges/2594/spring-security ,1
4110,reactive-programming,tag_based,bronze,http://stackoverflow.com/badges/4110/reactive-programming ,1
2609,boost,tag_based,silver,http://stackoverflow.com/badges/2609/boost ,1
2624,mutex,tag_based,bronze,http://stackoverflow.com/badges/2624/mutex ,1
578,testing,tag_based,bronze,http://stackoverflow.com/badges/578/testing ,1
579,core-animation,tag_based,bronze,http://stackoverflow.com/badges/579/core-animation ,1
581,datagridview,tag_based,bronze,http://stackoverflow.com/badges/581/datagridview ,1
585,singleton,tag_based,bronze,http://stackoverflow.com/badges/585/singleton ,1
4682,laravel-5,tag_based,bronze,http://stackoverflow.com/badges/4682/laravel-5 ,1
2636,cakephp-2.0,tag_based,bronze,http://stackoverflow.com/badges/2636/cakephp-2-0 ,1
592,null,tag_based,bronze,http://stackoverflow.com/badges/592/null ,1
5323,iso-prolog,tag_based,bronze,http://stackoverflow.com/badges/5323/iso-prolog ,1
2648,system.reactive,tag_based,silver,http://stackoverflow.com/badges/2648/system-reactive ,1
2653,gradle,tag_based,silver,http://stackoverflow.com/badges/2653/gradle ,1
608,linq-to-entities,tag_based,bronze,http://stackoverflow.com/badges/608/linq-to-entities ,1
4710,build.gradle,tag_based,bronze,http://stackoverflow.com/badges/4710/build-gradle ,1
624,serialization,tag_based,bronze,http://stackoverflow.com/badges/624/serialization ,1
2677,textures,tag_based,bronze,http://stackoverflow.com/badges/2677/textures ,1
1609,task-parallel-library,tag_based,bronze,http://stackoverflow.com/badges/1609/task-parallel-library ,1
2408,rake,tag_based,bronze,http://stackoverflow.com/badges/2408/rake ,1
4741,yii2,tag_based,bronze,http://stackoverflow.com/badges/4741/yii2 ,1
2694,android-activity,tag_based,bronze,http://stackoverflow.com/badges/2694/android-activity ,1
652,fortran,tag_based,bronze,http://stackoverflow.com/badges/652/fortran ,1
654,architecture,tag_based,bronze,http://stackoverflow.com/badges/654/architecture ,1
918,smalltalk,tag_based,bronze,http://stackoverflow.com/badges/918/smalltalk ,1
4548,jooq,tag_based,silver,http://stackoverflow.com/badges/4548/jooq ,1
670,gae-datastore,tag_based,bronze,http://stackoverflow.com/badges/670/gae-datastore ,1
671,cpan,tag_based,bronze,http://stackoverflow.com/badges/671/cpan ,1
2722,task-parallel-library,tag_based,silver,http://stackoverflow.com/badges/2722/task-parallel-library ,1
2333,asynchronous,tag_based,silver,http://stackoverflow.com/badges/2333/asynchronous ,1
2725,dependency-properties,tag_based,bronze,http://stackoverflow.com/badges/2725/dependency-properties ,1
681,search,tag_based,bronze,http://stackoverflow.com/badges/681/search ,1
2162,gtk,tag_based,silver,http://stackoverflow.com/badges/2162/gtk ,1
687,linq-to-xml,tag_based,bronze,http://stackoverflow.com/badges/687/linq-to-xml ,1
6259,shoutcast,tag_based,bronze,http://stackoverflow.com/badges/6259/shoutcast ,1
3870,uiimageview,tag_based,bronze,http://stackoverflow.com/badges/3870/uiimageview ,1
4183,angular-ui-router,tag_based,bronze,http://stackoverflow.com/badges/4183/angular-ui-router ,1
699,prototype,tag_based,bronze,http://stackoverflow.com/badges/699/prototype ,1
701,polymorphism,tag_based,bronze,http://stackoverflow.com/badges/701/polymorphism ,1
4115,windows-phone-8.1,tag_based,bronze,http://stackoverflow.com/badges/4115/windows-phone-8-1 ,1
2683,hadoop,tag_based,silver,http://stackoverflow.com/badges/2683/hadoop ,1
2766,sencha-touch,tag_based,bronze,http://stackoverflow.com/badges/2766/sencha-touch ,1
2773,sizeof,tag_based,bronze,http://stackoverflow.com/badges/2773/sizeof ,1
2778,vectorization,tag_based,bronze,http://stackoverflow.com/badges/2778/vectorization ,1
737,decorator,tag_based,bronze,http://stackoverflow.com/badges/737/decorator ,1
739,io,tag_based,bronze,http://stackoverflow.com/badges/739/io ,1
2854,google-chrome-extension,tag_based,gold,http://stackoverflow.com/badges/2854/google-chrome-extension ,1
746,gtk,tag_based,bronze,http://stackoverflow.com/badges/746/gtk ,1
4844,task,tag_based,silver,http://stackoverflow.com/badges/4844/task ,1
3880,task-parallel-library,tag_based,gold,http://stackoverflow.com/badges/3880/task-parallel-library ,1
2814,excel-2010,tag_based,bronze,http://stackoverflow.com/badges/2814/excel-2010 ,1
772,formatting,tag_based,bronze,http://stackoverflow.com/badges/772/formatting ,1
774,cakephp,tag_based,silver,http://stackoverflow.com/badges/774/cakephp ,1
777,decimal,tag_based,bronze,http://stackoverflow.com/badges/777/decimal ,1
784,integer,tag_based,bronze,http://stackoverflow.com/badges/784/integer ,1
789,perforce,tag_based,bronze,http://stackoverflow.com/badges/789/perforce ,1
792,mfc,tag_based,bronze,http://stackoverflow.com/badges/792/mfc ,1
2898,struct,tag_based,silver,http://stackoverflow.com/badges/2898/struct ,1
2051,async-await,tag_based,bronze,http://stackoverflow.com/badges/2051/async-await ,1
807,entity-framework-4,tag_based,bronze,http://stackoverflow.com/badges/807/entity-framework-4 ,1
2550,tridion-2011,tag_based,silver,http://stackoverflow.com/badges/2550/tridion-2011 ,1
820,double,tag_based,bronze,http://stackoverflow.com/badges/820/double ,1
1175,websocket,tag_based,bronze,http://stackoverflow.com/badges/1175/websocket ,1
822,xml,tag_based,gold,http://stackoverflow.com/badges/822/xml ,1
2133,mongodb,tag_based,gold,http://stackoverflow.com/badges/2133/mongodb ,1
829,opengl-es,tag_based,bronze,http://stackoverflow.com/badges/829/opengl-es ,1
834,cuda,tag_based,bronze,http://stackoverflow.com/badges/834/cuda ,1
835,mef,tag_based,bronze,http://stackoverflow.com/badges/835/mef ,1
6356,akka-stream,tag_based,bronze,http://stackoverflow.com/badges/6356/akka-stream ,1
2888,angularjs,tag_based,gold,http://stackoverflow.com/badges/2888/angularjs ,1
2189,generator,tag_based,bronze,http://stackoverflow.com/badges/2189/generator ,1
4955,cython,tag_based,bronze,http://stackoverflow.com/badges/4955/cython ,1
2914,firebase,tag_based,bronze,http://stackoverflow.com/badges/2914/firebase ,1
870,windbg,tag_based,bronze,http://stackoverflow.com/badges/870/windbg ,1
4970,rust,tag_based,gold,http://stackoverflow.com/badges/4970/rust ,1
875,text,tag_based,bronze,http://stackoverflow.com/badges/875/text ,1
882,automapper,tag_based,bronze,http://stackoverflow.com/badges/882/automapper ,1
883,windows-7,tag_based,bronze,http://stackoverflow.com/badges/883/windows-7 ,1
885,networking,tag_based,bronze,http://stackoverflow.com/badges/885/networking ,1
886,delphi-7,tag_based,bronze,http://stackoverflow.com/badges/886/delphi-7 ,1
3712,android-gradle,tag_based,bronze,http://stackoverflow.com/badges/3712/android-gradle ,1
2538,composer-php,tag_based,bronze,http://stackoverflow.com/badges/2538/composer-php ,1
149,winforms,tag_based,silver,http://stackoverflow.com/badges/149/winforms ,1
4641,encryption,tag_based,gold,http://stackoverflow.com/badges/4641/encryption ,1
2953,angularjs-directive,tag_based,bronze,http://stackoverflow.com/badges/2953/angularjs-directive ,1
1517,rtti,tag_based,bronze,http://stackoverflow.com/badges/1517/rtti ,1
914,xslt-2.0,tag_based,bronze,http://stackoverflow.com/badges/914/xslt-2-0 ,1
5014,javacc,tag_based,bronze,http://stackoverflow.com/badges/5014/javacc ,1
2968,ghci,tag_based,bronze,http://stackoverflow.com/badges/2968/ghci ,1
2974,express,tag_based,silver,http://stackoverflow.com/badges/2974/express ,1
4259,angularjs-ng-repeat,tag_based,bronze,http://stackoverflow.com/badges/4259/angularjs-ng-repeat ,1
2983,h2,tag_based,silver,http://stackoverflow.com/badges/2983/h2 ,1
936,scala-collections,tag_based,bronze,http://stackoverflow.com/badges/936/scala-collections ,1
2990,scanf,tag_based,bronze,http://stackoverflow.com/badges/2990/scanf ,1
5043,declaration,tag_based,bronze,http://stackoverflow.com/badges/5043/declaration ,1
949,asynchronous,tag_based,bronze,http://stackoverflow.com/badges/949/asynchronous ,1
950,google-chrome-extension,tag_based,bronze,http://stackoverflow.com/badges/950/google-chrome-extension ,1
951,encryption,tag_based,silver,http://stackoverflow.com/badges/951/encryption ,1
3305,drools,tag_based,bronze,http://stackoverflow.com/badges/3305/drools ,1
2549,.net-4.5,tag_based,bronze,http://stackoverflow.com/badges/2549/net-4-5 ,1
3012,async-await,tag_based,gold,http://stackoverflow.com/badges/3012/async-await ,1
502,erlang,tag_based,bronze,http://stackoverflow.com/badges/502/erlang ,1
5064,dygraphs,tag_based,bronze,http://stackoverflow.com/badges/5064/dygraphs ,1
503,blackberry,tag_based,bronze,http://stackoverflow.com/badges/503/blackberry ,1
5068,observablecollection,tag_based,bronze,http://stackoverflow.com/badges/5068/observablecollection ,1
974,pattern-matching,tag_based,bronze,http://stackoverflow.com/badges/974/pattern-matching ,1
977,language-design,tag_based,bronze,http://stackoverflow.com/badges/977/language-design ,1
1568,doctrine2,tag_based,bronze,http://stackoverflow.com/badges/1568/doctrine2 ,1
4604,aes,tag_based,silver,http://stackoverflow.com/badges/4604/aes ,1
4946,cakephp-3.0,tag_based,bronze,http://stackoverflow.com/badges/4946/cakephp-3-0 ,1
1011,pthreads,tag_based,bronze,http://stackoverflow.com/badges/1011/pthreads ,1
5113,rx-java,tag_based,bronze,http://stackoverflow.com/badges/5113/rx-java ,1
511,module,tag_based,bronze,http://stackoverflow.com/badges/511/module ,1
1022,linked-list,tag_based,bronze,http://stackoverflow.com/badges/1022/linked-list ,1
4267,hadoop,tag_based,gold,http://stackoverflow.com/badges/4267/hadoop ,1
3077,spock,tag_based,bronze,http://stackoverflow.com/badges/3077/spock ,1
3079,cmd,tag_based,silver,http://stackoverflow.com/badges/3079/cmd ,1
1034,playframework,tag_based,bronze,http://stackoverflow.com/badges/1034/playframework ,1
1057,prolog,tag_based,bronze,http://stackoverflow.com/badges/1057/prolog ,1
3109,Sheriff,named,gold,http://stackoverflow.com/badges/3109/sheriff ,1
1063,sitecore,tag_based,bronze,http://stackoverflow.com/badges/1063/sitecore ,1
3591,google-chrome,tag_based,gold,http://stackoverflow.com/badges/3591/google-chrome ,1
1070,backgroundworker,tag_based,bronze,http://stackoverflow.com/badges/1070/backgroundworker ,1
1072,netbeans,tag_based,bronze,http://stackoverflow.com/badges/1072/netbeans ,1
1075,sml,tag_based,bronze,http://stackoverflow.com/badges/1075/sml ,1
5177,angularjs-service,tag_based,bronze,http://stackoverflow.com/badges/5177/angularjs-service ,1
1084,smart-pointers,tag_based,bronze,http://stackoverflow.com/badges/1084/smart-pointers ,1
1088,codeigniter,tag_based,silver,http://stackoverflow.com/badges/1088/codeigniter ,1
3137,portable-class-library,tag_based,bronze,http://stackoverflow.com/badges/3137/portable-class-library ,1
5190,phoenix-framework,tag_based,bronze,http://stackoverflow.com/badges/5190/phoenix-framework ,1
3055,angularjs-scope,tag_based,bronze,http://stackoverflow.com/badges/3055/angularjs-scope ,1
1102,x86,tag_based,bronze,http://stackoverflow.com/badges/1102/x86 ,1
3151,domain-driven-design,tag_based,silver,http://stackoverflow.com/badges/3151/domain-driven-design ,1
5200,angularjs-factory,tag_based,bronze,http://stackoverflow.com/badges/5200/angularjs-factory ,1
1105,plone,tag_based,bronze,http://stackoverflow.com/badges/1105/plone ,1
1107,joomla,tag_based,bronze,http://stackoverflow.com/badges/1107/joomla ,1
1109,verilog,tag_based,bronze,http://stackoverflow.com/badges/1109/verilog ,1
1115,jquery-mobile,tag_based,bronze,http://stackoverflow.com/badges/1115/jquery-mobile ,1
1116,typedef,tag_based,bronze,http://stackoverflow.com/badges/1116/typedef ,1
1120,gridview,tag_based,bronze,http://stackoverflow.com/badges/1120/gridview ,1
1126,vhdl,tag_based,bronze,http://stackoverflow.com/badges/1126/vhdl ,1
3176,jooq,tag_based,bronze,http://stackoverflow.com/badges/3176/jooq ,1
1130,count,tag_based,bronze,http://stackoverflow.com/badges/1130/count ,1
871,binary,tag_based,bronze,http://stackoverflow.com/badges/871/binary ,1
1134,destructor,tag_based,bronze,http://stackoverflow.com/badges/1134/destructor ,1
3190,indexeddb,tag_based,bronze,http://stackoverflow.com/badges/3190/indexeddb ,1
1146,groovy,tag_based,silver,http://stackoverflow.com/badges/1146/groovy ,1
1147,intellij-idea,tag_based,silver,http://stackoverflow.com/badges/1147/intellij-idea ,1
1152,scipy,tag_based,bronze,http://stackoverflow.com/badges/1152/scipy ,1
5255,grep,tag_based,gold,http://stackoverflow.com/badges/5255/grep ,1
3210,enterprise-architect,tag_based,bronze,http://stackoverflow.com/badges/3210/enterprise-architect ,1
3266,twitter-bootstrap-3,tag_based,bronze,http://stackoverflow.com/badges/3266/twitter-bootstrap-3 ,1
1172,pdo,tag_based,bronze,http://stackoverflow.com/badges/1172/pdo ,1
2585,wxwidgets,tag_based,bronze,http://stackoverflow.com/badges/2585/wxwidgets ,1
1184,json.net,tag_based,bronze,http://stackoverflow.com/badges/1184/json-net ,1
2541,windows-phone-8,tag_based,bronze,http://stackoverflow.com/badges/2541/windows-phone-8 ,1
2154,task,tag_based,bronze,http://stackoverflow.com/badges/2154/task ,1
5305,h2,tag_based,gold,http://stackoverflow.com/badges/5305/h2 ,1
1215,file,tag_based,silver,http://stackoverflow.com/badges/1215/file ,1
3265,selenium-webdriver,tag_based,bronze,http://stackoverflow.com/badges/3265/selenium-webdriver ,1
5314,vscode,tag_based,bronze,http://stackoverflow.com/badges/5314/vscode ,1
1220,compiler-errors,tag_based,bronze,http://stackoverflow.com/badges/1220/compiler-errors ,1
5318,asp.net-identity-2,tag_based,bronze,http://stackoverflow.com/badges/5318/asp-net-identity-2 ,1
1226,int,tag_based,bronze,http://stackoverflow.com/badges/1226/int ,1
1230,jframe,tag_based,bronze,http://stackoverflow.com/badges/1230/jframe ,1
1231,mvvm-light,tag_based,bronze,http://stackoverflow.com/badges/1231/mvvm-light ,1
4302,puppet,tag_based,bronze,http://stackoverflow.com/badges/4302/puppet ,1
3293,hdfs,tag_based,bronze,http://stackoverflow.com/badges/3293/hdfs ,1
2256,opencart,tag_based,bronze,http://stackoverflow.com/badges/2256/opencart ,1
1251,ssis,tag_based,bronze,http://stackoverflow.com/badges/1251/ssis ,1
1259,db2,tag_based,bronze,http://stackoverflow.com/badges/1259/db2 ,1
893,closures,tag_based,bronze,http://stackoverflow.com/badges/893/closures ,1
2497,c#-5.0,tag_based,bronze,http://stackoverflow.com/badges/2497/c-5-0 ,1
5364,matrix,tag_based,gold,http://stackoverflow.com/badges/5364/matrix ,1
1279,google-chrome-extension,tag_based,silver,http://stackoverflow.com/badges/1279/google-chrome-extension ,1
1292,internet-explorer,tag_based,silver,http://stackoverflow.com/badges/1292/internet-explorer ,1
1294,rsa,tag_based,bronze,http://stackoverflow.com/badges/1294/rsa ,1
1309,facebook,tag_based,silver,http://stackoverflow.com/badges/1309/facebook ,1
3369,pentaho,tag_based,bronze,http://stackoverflow.com/badges/3369/pentaho ,1
1322,windows,tag_based,gold,http://stackoverflow.com/badges/1322/windows ,1
1323,routing,tag_based,bronze,http://stackoverflow.com/badges/1323/routing ,1
1817,gnu-make,tag_based,bronze,http://stackoverflow.com/badges/1817/gnu-make ,1
4114,angularfire,tag_based,bronze,http://stackoverflow.com/badges/4114/angularfire ,1
5227,angularjs-controller,tag_based,bronze,http://stackoverflow.com/badges/5227/angularjs-controller ,1
5431,gsub,tag_based,bronze,http://stackoverflow.com/badges/5431/gsub ,1
564,dependency-injection,tag_based,bronze,http://stackoverflow.com/badges/564/dependency-injection ,1
1338,textbox,tag_based,bronze,http://stackoverflow.com/badges/1338/textbox ,1
2271,ffmpeg,tag_based,bronze,http://stackoverflow.com/badges/2271/ffmpeg ,1
3392,hive,tag_based,bronze,http://stackoverflow.com/badges/3392/hive ,1
3393,prolog,tag_based,gold,http://stackoverflow.com/badges/3393/prolog ,1
1349,split,tag_based,bronze,http://stackoverflow.com/badges/1349/split ,1
454,powershell,tag_based,bronze,http://stackoverflow.com/badges/454/powershell ,1
1353,xslt-1.0,tag_based,bronze,http://stackoverflow.com/badges/1353/xslt-1-0 ,1
1356,algorithm,tag_based,gold,http://stackoverflow.com/badges/1356/algorithm ,1
1362,akka,tag_based,bronze,http://stackoverflow.com/badges/1362/akka ,1
1364,wicket,tag_based,bronze,http://stackoverflow.com/badges/1364/wicket ,1
1375,mongodb,tag_based,silver,http://stackoverflow.com/badges/1375/mongodb ,1
3428,inline,tag_based,bronze,http://stackoverflow.com/badges/3428/inline ,1
3302,bytecode,tag_based,bronze,http://stackoverflow.com/badges/3302/bytecode ,1
1383,jsoup,tag_based,bronze,http://stackoverflow.com/badges/1383/jsoup ,1
3433,c#-5.0,tag_based,silver,http://stackoverflow.com/badges/3433/c-5-0 ,1
3435,jslint,tag_based,bronze,http://stackoverflow.com/badges/3435/jslint ,1
3440,angularjs-directive,tag_based,silver,http://stackoverflow.com/badges/3440/angularjs-directive ,1
2281,scikit-learn,tag_based,bronze,http://stackoverflow.com/badges/2281/scikit-learn ,1
4851,chef,tag_based,silver,http://stackoverflow.com/badges/4851/chef ,1
5497,optaplanner,tag_based,bronze,http://stackoverflow.com/badges/5497/optaplanner ,1
4330,angular-promise,tag_based,bronze,http://stackoverflow.com/badges/4330/angular-promise ,1
3456,gradle,tag_based,gold,http://stackoverflow.com/badges/3456/gradle ,1
3798,cut,tag_based,bronze,http://stackoverflow.com/badges/3798/cut ,1
6383,kettle,tag_based,bronze,http://stackoverflow.com/badges/6383/kettle ,1
525,mod-rewrite,tag_based,bronze,http://stackoverflow.com/badges/525/mod-rewrite ,1
4677,angular-ui-router,tag_based,silver,http://stackoverflow.com/badges/4677/angular-ui-router ,1
457,latex,tag_based,bronze,http://stackoverflow.com/badges/457/latex ,1
1444,core-animation,tag_based,silver,http://stackoverflow.com/badges/1444/core-animation ,1
1445,post,tag_based,bronze,http://stackoverflow.com/badges/1445/post ,1
1446,list,tag_based,gold,http://stackoverflow.com/badges/1446/list ,1
241,xpath,tag_based,silver,http://stackoverflow.com/badges/241/xpath ,1
2291,app-engine-ndb,tag_based,bronze,http://stackoverflow.com/badges/2291/app-engine-ndb ,1
3514,laravel,tag_based,silver,http://stackoverflow.com/badges/3514/laravel ,1
1475,h2,tag_based,bronze,http://stackoverflow.com/badges/1475/h2 ,1
3525,binding,tag_based,silver,http://stackoverflow.com/badges/3525/binding ,1
1483,cuda,tag_based,silver,http://stackoverflow.com/badges/1483/cuda ,1
3532,clpfd,tag_based,bronze,http://stackoverflow.com/badges/3532/clpfd ,1
1485,aes,tag_based,bronze,http://stackoverflow.com/badges/1485/aes ,1
3535,asp.net-identity,tag_based,bronze,http://stackoverflow.com/badges/3535/asp-net-identity ,1
1495,cryptography,tag_based,silver,http://stackoverflow.com/badges/1495/cryptography ,1
3547,windbg,tag_based,silver,http://stackoverflow.com/badges/3547/windbg ,1
1502,odata,tag_based,bronze,http://stackoverflow.com/badges/1502/odata ,1
3551,asynchronous,tag_based,gold,http://stackoverflow.com/badges/3551/asynchronous ,1
1783,inno-setup,tag_based,bronze,http://stackoverflow.com/badges/1783/inno-setup ,1
6188,unity5,tag_based,bronze,http://stackoverflow.com/badges/6188/unity5 ,1
5625,cryptography,tag_based,gold,http://stackoverflow.com/badges/5625/cryptography ,1
2578,dcg,tag_based,bronze,http://stackoverflow.com/badges/2578/dcg ,1
1533,posix,tag_based,bronze,http://stackoverflow.com/badges/1533/posix ,1
4961,robolectric,tag_based,bronze,http://stackoverflow.com/badges/4961/robolectric ,1
3599,tpl-dataflow,tag_based,bronze,http://stackoverflow.com/badges/3599/tpl-dataflow ,1
1559,google-chrome,tag_based,silver,http://stackoverflow.com/badges/1559/google-chrome ,1
6404,cookbook,tag_based,bronze,http://stackoverflow.com/badges/6404/cookbook ,1
1563,hex,tag_based,bronze,http://stackoverflow.com/badges/1563/hex ,1
1565,process,tag_based,bronze,http://stackoverflow.com/badges/1565/process ,1
3761,nasm,tag_based,bronze,http://stackoverflow.com/badges/3761/nasm ,1
2310,opencl,tag_based,bronze,http://stackoverflow.com/badges/2310/opencl ,1
2993,time-complexity,tag_based,bronze,http://stackoverflow.com/badges/2993/time-complexity ,1
1581,pipe,tag_based,bronze,http://stackoverflow.com/badges/1581/pipe ,1
3646,promise,tag_based,bronze,http://stackoverflow.com/badges/3646/promise ,1
6070,intersystems-cache,tag_based,bronze,http://stackoverflow.com/badges/6070/intersystems-cache ,1
2316,chef,tag_based,bronze,http://stackoverflow.com/badges/2316/chef ,1
3327,valueinjecter,tag_based,bronze,http://stackoverflow.com/badges/3327/valueinjecter ,1
2116,tridion,tag_based,silver,http://stackoverflow.com/badges/2116/tridion ,1
6055,ibm-mobilefirst,tag_based,bronze,http://stackoverflow.com/badges/6055/ibm-mobilefirst ,1
3673,.net-4.5,tag_based,silver,http://stackoverflow.com/badges/3673/net-4-5 ,1
5722,bytecode,tag_based,silver,http://stackoverflow.com/badges/5722/bytecode ,1
1627,mapreduce,tag_based,bronze,http://stackoverflow.com/badges/1627/mapreduce ,1
2441,bean-validation,tag_based,bronze,http://stackoverflow.com/badges/2441/bean-validation ,1
2662,code-first-migrations,tag_based,bronze,http://stackoverflow.com/badges/2662/code-first-migrations ,1
5739,cpan,tag_based,silver,http://stackoverflow.com/badges/5739/cpan ,1
2646,asp.net-web-api,tag_based,silver,http://stackoverflow.com/badges/2646/asp-net-web-api ,1
3346,bouncycastle,tag_based,bronze,http://stackoverflow.com/badges/3346/bouncycastle ,1
1662,yesod,tag_based,bronze,http://stackoverflow.com/badges/1662/yesod ,1
3713,google-earth-plugin,tag_based,bronze,http://stackoverflow.com/badges/3713/google-earth-plugin ,1
5765,kotlin,tag_based,silver,http://stackoverflow.com/badges/5765/kotlin ,1
3009,openerp,tag_based,bronze,http://stackoverflow.com/badges/3009/openerp ,1
3729,android-camera,tag_based,bronze,http://stackoverflow.com/badges/3729/android-camera ,1
1688,amazon-ec2,tag_based,bronze,http://stackoverflow.com/badges/1688/amazon-ec2 ,1
3354,yesod,tag_based,silver,http://stackoverflow.com/badges/3354/yesod ,1
3807,twitter-bootstrap,tag_based,gold,http://stackoverflow.com/badges/3807/twitter-bootstrap ,1
6194,firebase-cloud-messaging,tag_based,bronze,http://stackoverflow.com/badges/6194/firebase-cloud-messaging ,1
4853,chef-recipe,tag_based,bronze,http://stackoverflow.com/badges/4853/chef-recipe ,1
3750,webgl,tag_based,silver,http://stackoverflow.com/badges/3750/webgl ,1
3356,exec,tag_based,bronze,http://stackoverflow.com/badges/3356/exec ,1
1711,mainframe,tag_based,bronze,http://stackoverflow.com/badges/1711/mainframe ,1
1713,node.js,tag_based,gold,http://stackoverflow.com/badges/1713/node-js ,1
3768,mapreduce,tag_based,silver,http://stackoverflow.com/badges/3768/mapreduce ,1
3769,dotnet-httpclient,tag_based,bronze,http://stackoverflow.com/badges/3769/dotnet-httpclient ,1
1728,camera,tag_based,bronze,http://stackoverflow.com/badges/1728/camera ,1
6400,firebase-database,tag_based,gold,http://stackoverflow.com/badges/6400/firebase-database ,1
4387,rethinkdb,tag_based,bronze,http://stackoverflow.com/badges/4387/rethinkdb ,1
5844,firebase-database,tag_based,bronze,http://stackoverflow.com/badges/5844/firebase-database ,1
1752,automake,tag_based,bronze,http://stackoverflow.com/badges/1752/automake ,1
3813,asp.net-mvc-5,tag_based,bronze,http://stackoverflow.com/badges/3813/asp-net-mvc-5 ,1
3814,matlab-figure,tag_based,bronze,http://stackoverflow.com/badges/3814/matlab-figure ,1
1769,switch-statement,tag_based,bronze,http://stackoverflow.com/badges/1769/switch-statement ,1
2112,velocity,tag_based,bronze,http://stackoverflow.com/badges/2112/velocity ,1
3820,apache-pig,tag_based,bronze,http://stackoverflow.com/badges/3820/apache-pig ,1
1776,app-store,tag_based,bronze,http://stackoverflow.com/badges/1776/app-store ,1
741,vb6,tag_based,bronze,http://stackoverflow.com/badges/741/vb6 ,1
2345,visual-studio-2012,tag_based,bronze,http://stackoverflow.com/badges/2345/visual-studio-2012 ,1
3836,pointers,tag_based,gold,http://stackoverflow.com/badges/3836/pointers ,1
1792,dos,tag_based,bronze,http://stackoverflow.com/badges/1792/dos ,1
1793,pygtk,tag_based,bronze,http://stackoverflow.com/badges/1793/pygtk ,1
1794,animation,tag_based,bronze,http://stackoverflow.com/badges/1794/animation ,1
5900,system.reactive,tag_based,gold,http://stackoverflow.com/badges/5900/system-reactive ,1
1805,speech-recognition,tag_based,bronze,http://stackoverflow.com/badges/1805/speech-recognition ,1
2106,tridion-2011,tag_based,bronze,http://stackoverflow.com/badges/2106/tridion-2011 ,1
5908,uml,tag_based,silver,http://stackoverflow.com/badges/5908/uml ,1
1816,cakephp,tag_based,gold,http://stackoverflow.com/badges/1816/cakephp ,1
1818,tridion,tag_based,bronze,http://stackoverflow.com/badges/1818/tridion ,1
3412,ftp,tag_based,bronze,http://stackoverflow.com/badges/3412/ftp ,1
1822,autotools,tag_based,bronze,http://stackoverflow.com/badges/1822/autotools ,1
304,exception-handling,tag_based,bronze,http://stackoverflow.com/badges/304/exception-handling ,1
1827,wpfdatagrid,tag_based,bronze,http://stackoverflow.com/badges/1827/wpfdatagrid ,1
1829,pharo,tag_based,bronze,http://stackoverflow.com/badges/1829/pharo ,1
5928,webgl,tag_based,gold,http://stackoverflow.com/badges/5928/webgl ,1
5930,octave,tag_based,silver,http://stackoverflow.com/badges/5930/octave ,1
3487,grep,tag_based,silver,http://stackoverflow.com/badges/3487/grep ,1
5942,angularjs-http,tag_based,bronze,http://stackoverflow.com/badges/5942/angularjs-http ,1
1847,operating-system,tag_based,bronze,http://stackoverflow.com/badges/1847/operating-system ,1
1852,opencv,tag_based,silver,http://stackoverflow.com/badges/1852/opencv ,1
3904,mysql-workbench,tag_based,bronze,http://stackoverflow.com/badges/3904/mysql-workbench ,1
3906,containers,tag_based,bronze,http://stackoverflow.com/badges/3906/containers ,1
1861,rounding,tag_based,bronze,http://stackoverflow.com/badges/1861/rounding ,1
1862,meteor,tag_based,bronze,http://stackoverflow.com/badges/1862/meteor ,1
5959,command,tag_based,bronze,http://stackoverflow.com/badges/5959/command ,1
3913,azure-web-sites,tag_based,bronze,http://stackoverflow.com/badges/3913/azure-web-sites ,1
5538,firebase,tag_based,gold,http://stackoverflow.com/badges/5538/firebase ,1
1872,abap,tag_based,bronze,http://stackoverflow.com/badges/1872/abap ,1
4445,smartcard,tag_based,bronze,http://stackoverflow.com/badges/4445/smartcard ,1
3935,grid,tag_based,bronze,http://stackoverflow.com/badges/3935/grid ,1
1892,calayer,tag_based,bronze,http://stackoverflow.com/badges/1892/calayer ,1
1894,assembly,tag_based,silver,http://stackoverflow.com/badges/1894/assembly ,1
2754,batch-file,tag_based,gold,http://stackoverflow.com/badges/2754/batch-file ,1
6012,firebase-authentication,tag_based,bronze,http://stackoverflow.com/badges/6012/firebase-authentication ,1
6014,unity3d,tag_based,silver,http://stackoverflow.com/badges/6014/unity3d ,1
1921,parallel-processing,tag_based,bronze,http://stackoverflow.com/badges/1921/parallel-processing ,1
1928,sencha-touch-2,tag_based,bronze,http://stackoverflow.com/badges/1928/sencha-touch-2 ,1
4224,hibernate-validator,tag_based,bronze,http://stackoverflow.com/badges/4224/hibernate-validator ,1
6028,angularjs-ng-click,tag_based,bronze,http://stackoverflow.com/badges/6028/angularjs-ng-click ,1
1934,afnetworking,tag_based,bronze,http://stackoverflow.com/badges/1934/afnetworking ,1
1938,autoconf,tag_based,bronze,http://stackoverflow.com/badges/1938/autoconf ,1
6039,synchronizationcontext,tag_based,bronze,http://stackoverflow.com/badges/6039/synchronizationcontext ,1
2372,while-loop,tag_based,bronze,http://stackoverflow.com/badges/2372/while-loop ,1
815,nhibernate,tag_based,silver,http://stackoverflow.com/badges/815/nhibernate ,1
6052,ibm-mobilefirst,tag_based,gold,http://stackoverflow.com/badges/6052/ibm-mobilefirst ,1
6053,ibm-mobilefirst,tag_based,silver,http://stackoverflow.com/badges/6053/ibm-mobilefirst ,1
1958,ios5,tag_based,bronze,http://stackoverflow.com/badges/1958/ios5 ,1
1965,jenkins,tag_based,bronze,http://stackoverflow.com/badges/1965/jenkins ,1
3741,excel-formula,tag_based,silver,http://stackoverflow.com/badges/3741/excel-formula ,1
1970,input,tag_based,bronze,http://stackoverflow.com/badges/1970/input ,1
6069,openlayers-3,tag_based,bronze,http://stackoverflow.com/badges/6069/openlayers-3 ,1
4026,activeadmin,tag_based,bronze,http://stackoverflow.com/badges/4026/activeadmin ,1
1989,elasticsearch,tag_based,bronze,http://stackoverflow.com/badges/1989/elasticsearch ,1
4040,ruby-on-rails-4,tag_based,silver,http://stackoverflow.com/badges/4040/ruby-on-rails-4 ,1
2794,perl-module,tag_based,bronze,http://stackoverflow.com/badges/2794/perl-module ,1
674,cassandra,tag_based,bronze,http://stackoverflow.com/badges/674/cassandra ,1
2009,webgl,tag_based,bronze,http://stackoverflow.com/badges/2009/webgl ,1
4060,json.net,tag_based,silver,http://stackoverflow.com/badges/4060/json-net ,1
4061,conduit,tag_based,bronze,http://stackoverflow.com/badges/4061/conduit ,1
4064,retrofit,tag_based,bronze,http://stackoverflow.com/badges/4064/retrofit ,1
3408,shiny,tag_based,bronze,http://stackoverflow.com/badges/3408/shiny ,1
6114,firebase-database,tag_based,silver,http://stackoverflow.com/badges/6114/firebase-database ,1
4078,audio-streaming,tag_based,bronze,http://stackoverflow.com/badges/4078/audio-streaming ,1
2031,matrix,tag_based,silver,http://stackoverflow.com/badges/2031/matrix ,1
4088,firebase,tag_based,silver,http://stackoverflow.com/badges/4088/firebase ,1
6140,ng-repeat,tag_based,bronze,http://stackoverflow.com/badges/6140/ng-repeat ,1
4093,android-ndk,tag_based,silver,http://stackoverflow.com/badges/4093/android-ndk ,1
